id,price
12800,824367.7547
6368,277117.6832
7596,-410203.267
1315,834715.6901
17461,-803136.4941
385,2359610.758
18920,1175486.415
11750,678037.6872
9716,1836723.088
4858,425560.5612
10159,1835836.775
17674,-315958.5466
16078,1143311.254
1212,1389826.717
15120,1524498.347
15452,1103586.815
6466,1505495.839
4790,1821855.175
11061,1151084.68
7292,521246.5475
20605,-132670.559
5818,1108322.669
16518,680758.0847
18287,967894.3058
5229,8101947.522
13651,319768.8667
10156,1806464.709
6522,995535.5058
10039,860733.2104
8432,299193.2707
18441,-155160.6995
10696,1179047.878
19611,512156.108
6054,1989906.003
20268,6610269.158
2203,237542.9519
14554,677573.4964
8866,56053.54953
14525,937810.1592
10893,74949.9446
1211,910038.2613
2647,518169.8181
14776,2685802.208
15824,337657.6539
14796,-577739.8257
1683,1113087.805
7160,708251.7557
15182,419098.0432
1174,204340.0735
2983,1127696.192
17846,-588113.6199
9755,783802.0643
6048,228428.389
2530,823649.9373
7200,1387740.462
2707,610893.1094
7771,734491.0314
4842,887521.7099
7588,822395.1746
19308,-39315.93927
6770,798667.4269
5401,620419.1165
3193,537237.5276
178,-130692.042
19277,1648957.388
19719,1084718.31
14732,-368248.9219
14343,433611.7829
3462,93275.6029
17460,2069908.06
11634,303787.047
13470,347819.7016
1944,-457493.09
10821,529112.2144
91,-414421.1687
4493,927406.0392
12370,1292977.887
2749,-11824.05658
7287,1324773.461
2864,3359858.384
13681,96941.38408
16878,3812567.055
16418,2653025.255
21271,333848.6114
17152,1766241.579
3531,793446.6911
12279,392160.0351
3830,87136.06097
10884,-568503.8061
19268,774867.2835
2834,1023455.584
21533,2426846.35
4743,-266424.5174
16188,492120.9239
2967,559087.1801
12867,-349420.8458
7653,2384972.392
7741,847633.0135
14876,499556.5872
15518,2021659.715
12961,-75256.81191
2206,815190.6568
463,-417561.9256
8469,102176.3878
390,1256911.742
10057,1832689.377
20310,1693077.969
6746,-441721.375
2179,615445.067
11642,531888.1337
7600,739908.7442
18923,322383.066
9304,1219121.535
15709,500592.4921
2851,5158.316588
20570,2347888.697
4405,411918.5698
2173,1681137.131
7266,483211.3402
9797,2141355.042
9120,584561.5995
5977,882753.0639
13013,1366065.515
16887,591089.2895
1264,1329301.838
5126,315656.5009
16529,1444319.865
15210,1076674.812
12374,-833637.6338
20789,385475.4718
14409,225296.4924
12409,743697.1303
16782,236691.0834
6135,1351798.628
13478,11013656.65
1414,1118538.127
11006,1095819.992
3,308971.9214
17334,215494.392
4889,10784.56634
5519,2108624.273
7306,1498112.292
6634,2212032.692
6540,1094587.538
3083,1248078
15467,229149.6231
18909,-625219.483
17021,786140.8327
18163,308842.1885
19771,2141580.139
16947,1231517.349
9171,604049.526
16699,963547.0621
7431,923429.8054
9444,616973.1903
3925,2049297.266
1678,-1393858.657
1082,-180512.112
719,1440480.326
18980,729950.3777
20827,1186355.824
12186,112511.8877
20219,765275.194
14873,1690686.27
13184,-28791.2956
9434,186067.7577
7028,529230.7975
16922,452690.7003
20646,1381810.408
16131,629044.5547
2962,-120209.0462
14928,178662.5441
19821,138439.0668
1796,3933010.489
4059,755856.486
12377,1050666.342
20348,-79430.32476
16792,836547.8836
19288,-407088.4412
297,-537145.99
3400,475136.8919
19829,793305.1128
4874,286074.4964
11385,611427.6926
19009,1111364.742
14967,1311191.425
7728,-859130.1259
15664,-654710.0431
19588,1176715.583
13051,1185440.59
7760,1312624.121
10129,-216822.2681
3842,1402729.634
14456,524424.693
14892,1503879.691
11066,1223387.081
14860,2855784.7
6858,-214377.4817
8325,-262613.6595
8182,731298.1435
19692,-382848.8116
9454,1494150.467
3667,1544369.812
21403,155889.3044
15243,-183522.6903
4648,670323.5258
17370,745190.8821
19679,279027.912
14140,1630833.44
7342,7394501.917
11955,-94627.73947
5832,3388909.58
21484,915487.4133
8955,943261.9487
560,-18523.0711
19672,2194882.727
18685,685957.322
17557,116176.2632
18466,298010.5808
17537,-887423.326
6102,1045467.623
268,173539.196
14148,664715.7242
6479,1546283.302
1302,1174774.745
8956,380386.2031
8805,1000302.05
16398,59091.07438
1905,1012930.281
2947,1191638.941
1288,232678.3796
12915,1384672.822
10393,920101.4972
20991,664793.5814
8121,1350980.706
7740,886160.9633
5222,1222393.535
9027,933780.3618
8970,603558.6386
16651,633992.5174
4194,598450.0808
19999,274248.0345
1906,512153.9397
20552,630474.4101
16278,-1004181.647
9071,-397255.0116
5768,2150842.299
6945,1143546.93
3031,1538937.648
4504,90843.77908
2538,1548390.501
4171,1156678.522
11009,-215153.7049
9512,-387635.4594
14863,-547189.1039
11555,698204.1094
20112,129730.8566
18604,1149963.329
636,519536.1316
1517,101341.2075
13640,700371.421
17384,357070.6397
4664,1154313.49
13202,537732.7025
3122,3095133.884
13859,-461191.7867
8502,2839006.087
18283,-105438.9543
3941,825815.6455
15434,370787.2535
20027,718730.0421
5593,179502.268
9371,-480875.5554
9207,929635.8451
7991,1242954.256
4620,-217369.5095
18337,145231.6951
17048,-524410.0128
16415,1312950.549
10815,564408.1856
16291,1171636.778
19734,760818.6809
9614,1737811.85
6629,5385040.423
19524,58871.64356
3658,1938267.338
3352,793261.0936
5004,2654249.23
11583,695724.1723
3902,652944.0469
12711,143672.181
4247,825224.0234
11059,69976.45827
7573,160125.4524
4573,1423312.752
8437,639923.3914
2261,-995358.2457
5638,518669.5446
14211,1067873.331
2245,1145795.079
13777,1448614.912
13421,14326.05876
8399,1085768.12
5971,31329.7144
8435,-57997.69044
20028,630692.5998
9122,-790352.0775
14882,133677.0409
2084,892312.4353
19088,-6237.687272
21571,278606.6446
978,-755870.5953
16696,-612890.0302
1693,2031027.449
6534,-151281.0153
12023,678717.4988
17750,-550764.3269
18396,1554069.217
4063,-858406.3733
1112,-220683.3337
17379,-960275.0521
7972,-164750.1086
311,1154387.129
16795,165860.1828
4866,-455907.494
13669,1664155.646
18343,734913.0824
5710,332581.8412
2223,1036921.956
7950,-236657.9147
8250,-40161.56439
17136,-636345.8339
9439,161890.0077
20282,582670.2943
6709,904916.3214
6804,-1080261.552
866,-231810.5988
17094,1079224.574
6934,942528.044
3601,-329922.9179
1369,1179590.34
1295,1789490.374
8993,785863.759
18853,-243011.9908
5292,278115.5316
19778,2702413.347
19813,-31398.90441
6751,-488967.9789
6738,-311319.8592
3403,-1227274.784
4415,696200.5701
9189,-699624.7471
18496,1480443.417
3785,442144.4163
7470,220099.0956
3218,-439943.8067
21211,393655.5185
10631,1385031.344
7241,1325410.551
2096,1131869.104
13022,-137857.8163
14117,621863.7079
7488,4927746.772
1019,908358.5981
5321,4843.172828
8560,592909.9947
12976,-288915.1188
18691,1504345.677
20493,590995.8275
11786,337265.4443
18016,1450313.798
4315,1872123.592
9791,796081.9519
17116,-813086.1233
17736,379521.8628
20820,158351.6258
322,571440.0731
11135,-298780.6048
17102,-2640.099206
16914,1062865.903
308,985493.8006
6659,1161235.83
5702,460207.399
4815,-75488.57401
21277,-16318.94793
17208,1515221.302
14996,4789208.473
19046,1551944.087
21343,966514.0871
9683,773207.2675
8833,1488963.17
5550,826352.7063
15610,670126.6357
21076,805473.4054
19707,715405.0139
3693,-818378.6043
9170,-1096332.497
6070,1699615.466
9307,900706.9213
14290,1024239.532
692,2554549.823
1631,-100753.205
1561,1106953.273
11799,1464200.365
10029,675636.3552
15854,-909877.7742
20436,374344.5498
20935,1969009.219
19320,1175135.533
21276,895257.767
3982,69916.66723
18040,-205017.8622
1102,491807.6511
18521,1976816.817
989,155654.424
10682,1638777.847
13371,402165.7914
5440,2007849.379
13649,543891.7815
12550,893687.9326
12939,1396606.803
13188,1532532.381
20723,1504146.078
20573,527138.0778
4824,905901.9984
8069,1461356.415
15275,1621663.597
14386,1949681.371
7705,433110.3883
241,-504965.7484
10062,1846246.374
6119,575019.2797
1,-317593.3312
9272,1797692.236
4896,1521645.933
19783,449499.1
12898,1939800.159
14391,1098444.898
6963,2113311.017
6174,-740913.3124
5168,696301.7268
15978,1725409.411
19158,196600.5529
10919,1482274.992
7719,41734.83927
13910,1011054.593
1978,1057671.889
15189,680069.2094
6684,300835.424
8663,-869606.1294
3833,311877.8468
11879,1823487.762
14186,2665062.219
1304,916872.9046
15569,-180867.5952
12790,436322.4916
20618,-242028.4719
14790,-642855.9782
49,659806.8117
2467,1036046.067
12873,3857856.514
11762,2610066.115
11856,2250991.878
599,528612.465
4965,1057299.356
14439,-639272.3237
5279,81847.75571
10342,1797044.828
1138,-910975.4257
20290,1087980.779
1764,1787703.679
8906,1713186.249
19365,-275564.3812
7567,2266726.457
21107,113391.1621
18367,3294331.87
5871,24941.13306
19785,1402188.577
21044,-468380.0451
18167,11663.28598
8655,94022.9586
4746,356727.9248
2102,1286042.307
2156,715448.4061
12720,213041.4671
9323,3068677.63
18403,1331298.887
15503,123944.2739
10324,1105385.24
18781,-427437.9661
11472,1748714.679
14224,340013.5832
17730,496532.7008
3765,623710.5344
12182,211575.4416
14379,983374.7898
8251,789365.5087
8201,260321.2937
2415,-782461.2195
10436,-347955.4914
2007,274866.0593
19781,974360.0763
2149,899651.7825
1430,380749.0799
11115,403986.749
8368,1600716.752
19974,1397812.297
18788,1368237.632
8764,2879943.847
4015,1170635.489
10160,335215.9244
9620,944755.7214
7842,136694.4169
4561,286474.9427
17098,1041227.182
10992,472896.0564
7013,-1096018.408
11085,1809683.472
5827,1060.78055
1552,-332086.2907
11822,195181.5944
1802,792079.2616
10698,1844939.787
1248,1964044.859
1375,725679.6018
2477,-890696.5342
2332,-560015.6943
16965,1271925.573
20819,1573409.396
21611,-876.5627557
13987,1243674.597
20580,-470984.5143
6895,-83179.67083
20684,233829.2124
4705,889755.5466
7881,-433949.1623
19810,2106122.909
5874,1207159.329
7030,-481854.4597
14375,-315751.4226
6190,2294626.101
12795,1148356.644
3838,-149102.2312
16369,1180204.067
2680,-526328.4442
1291,442714.3052
19483,-270395.4933
18034,1832342.436
4650,360034.494
7113,3608.752229
20418,1873479.776
17254,-233096.4239
13682,-476531.3048
10765,-492977.6498
11076,-241969.4696
15598,2470868.912
5411,1655433.39
14651,1433166.642
20150,629670.5307
1389,-128992.0727
1518,1128327.074
12010,1759599.859
8902,359372.6189
19485,1830000.954
15292,1480921.083
6670,995444.9404
1201,-157673.5002
10569,167921.6048
14701,2025116.728
1092,765582.5302
14227,1261119.559
5893,144903.2011
6182,187372.5851
4694,-491819.3435
10005,2166135.456
2474,1984155.544
15774,439523.0706
1772,665325.8265
11773,426475.357
7260,871010.8834
16547,-216049.0045
6209,1784363.956
9013,3609.543067
5658,538236.2025
16407,1174370.972
9482,1427723.827
13990,443463.6834
1413,-214570.611
9578,899598.0208
19997,831045.0119
2955,2634081.099
10401,120422.803
6025,1217221.166
14012,468567.7523
19366,2787504.169
20275,-128816.1122
9551,1045757.072
15623,670210.0512
9549,-440409.3001
9314,1852669.58
20223,757224.2799
16412,1117859.776
6254,270677.7614
8538,5629950.444
10100,1076129.128
4725,651627.7398
14534,556079.9921
18667,1126505.265
8886,66194.39914
557,2207713.299
14319,918228.7652
16296,1112656.302
9225,632735.0023
14376,699567.9982
9053,2111040.607
2926,1286465.26
319,473100.7565
11308,2424849.468
16945,1275327.316
9724,984015.1138
19897,1528674.926
14143,-168051.715
18736,341822.6163
10470,2236809.01
13677,365885.3061
15246,1469372.151
1117,156286.7891
8018,2339343.273
20374,2067951.157
12718,-249891.3951
4136,1745864.388
1743,1421683.74
11177,433282.5911
3116,1331885.556
1424,2145036.987
20639,-439529.1386
843,651600.7802
8462,-673825.1914
20799,471559.3186
8344,239624.6272
3104,1625006.74
7637,-93091.51145
655,177834.0623
9785,1301263.48
7186,-416790.2164
19226,-624367.4197
7212,-482061.7887
2496,604226.999
5073,408406.1056
159,-1409347.469
10447,2172931.973
14305,715363.5374
705,-681305.9255
19713,-409910.9678
11375,2520692.916
262,-232093.9305
4256,2060773.975
16376,-667050.128
12338,1351056.357
8855,1506417.297
6773,1070846.719
9610,332664.142
9305,19732.792
21251,1496185.064
15677,1183833.556
18143,1986514.845
20005,1984079.859
3048,385431.6035
21373,2320253.924
14459,-527811.9913
16513,-454640.7859
9995,1975063.631
10757,1321858.475
21433,1002108.073
1806,114984.0278
18347,755067.0908
15551,503750.1969
12640,414965.8197
15554,2229556.704
18232,-150858.3713
2648,531514.0989
13439,1078702.208
11226,2618293.129
3334,30227.7393
3839,711388.172
20194,1908582.32
404,455289.5133
15234,327833.5056
12570,960474.1198
7733,-307922.5448
2144,-390556.904
11014,1226467.832
15977,-558068.3236
13058,-870997.7021
3053,297369.1674
6775,710463.1108
9775,890739.8678
6053,2185513.898
11309,454829.2659
13264,489400.0194
12478,141055.426
6499,-378681.4877
9038,-814181.0641
18052,266622.7958
8097,402939.6312
716,67730.30055
530,1783819.102
2062,967040.0867
4747,-514616.1857
9651,378767.1028
21199,561603.7298
8304,1690057.81
11949,702654.7931
10669,583719.1329
1325,3726483.578
9183,-315277.3204
1875,900273.1705
4859,70369.07676
13898,-387078.2158
7224,2820577.278
4517,799951.0967
21072,845738.903
13837,912835.7454
3673,1662742.39
5841,-305866.5178
12928,95464.13761
7337,1044707.25
12876,1575763.588
11538,825187.0923
14710,398059.221
3003,1336172.902
12988,464618.1338
9370,425845.5722
12848,490645.5163
7966,495110.4672
2524,-620856.0283
10136,29389.30214
13255,140522.9025
11803,466855.3278
6143,718761.9604
1645,1555350.271
1340,839574.8758
3909,1430161.999
17018,-87228.01474
3354,-546185.4797
11278,581055.5954
19176,1161567.08
15020,1063498.017
18772,33275.13644
2824,255110.9935
2017,-742639.3918
17432,870501.1368
11547,771280.6287
14197,404155.5466
4520,119155.8975
445,-634617.403
14204,-878331.8256
14451,421547.4545
18290,1123930.311
2685,1012450.94
15631,3210158.512
17835,1233584.912
17609,1841955.112
2791,1810062.286
11557,812253.37
9920,921055.4029
1402,-674599.1537
19587,-124769.7917
17000,411957.7383
18817,-634201.2655
12057,-161307.4953
7918,877480.4471
19709,2096717.962
6228,-556666.5462
13,1109869.488
7095,-739994.3994
9893,696885.091
21110,30361.63874
11743,1647709.119
11374,1363269.682
6308,1456189.19
2670,-668169.339
9505,-103466.0711
11873,-91477.36585
7428,1514035.439
7948,-130016.5291
12267,1335727.58
10368,978207.4874
11169,2336571.582
3866,1420844.427
1256,2429318.505
13533,1259465.923
19420,1587031.565
14759,1127184.472
20854,-120314.6826
12085,412678.2107
16760,2032136.348
9503,-404103.3232
605,257087.5069
2297,1716960.078
16600,1298641.69
11809,-502726.59
12907,551118.4215
12583,-162944.0959
4625,583327.5512
4892,1007608.415
16572,884722.2739
12231,1372386.866
1763,795082.911
1106,812664.3994
4845,-427084.5973
13952,423325.8031
20486,443943.2144
6703,395176.5099
8029,1504186.891
15430,134167.6075
11432,-146707.1309
19375,96764.72174
4383,1129318.294
15178,159922.9367
13524,204784.9276
10409,-139529.8541
15496,-512780.4122
10572,-21092.27564
14923,501741.2781
8060,943825.404
18857,-443934.8787
7538,518081.0388
2400,2791549.77
18043,-211438.0419
14083,-236060.8287
3479,912740.6927
5052,1201688.741
11435,-588097.4668
6531,1924082.694
14643,3383953.797
13696,186506.5812
13185,-28791.2956
16740,547364.7938
9031,671877.95
11765,2028480.42
5318,-1048781.521
11717,-205554.6613
8345,1456602.396
8278,-287.3329801
4234,2254973.337
18793,1692851.149
16838,1794484.498
6354,-113237.4881
594,-235417.4311
9713,-565909.4779
14761,107246.4988
19753,1159151.35
7455,-341191.2458
4914,69571.51963
3277,1265333.007
7646,188132.957
21377,220707.8664
5349,1075496.234
20591,1242177.635
1602,1429671.267
16142,1429227.679
17690,1776140.698
10433,1455960.889
299,451966.657
17,1261014.937
3860,726290.0061
3637,596721.4282
79,765640.2185
16072,-48217.82188
13840,110407.9247
14722,-324701.7283
18486,176538.4716
15411,191563.3324
4876,1047048.958
19513,-855647.747
1710,1764808.163
6237,161411.9172
3845,365123.1805
8099,1624834.063
6426,349783.8164
17478,-272177.4133
16956,-626615.2427
20098,538680.1319
5729,384075.5939
18176,608011.7853
14668,498395.7712
6111,-622066.6857
5915,773862.1569
4984,1224762.394
2331,-93421.49065
15846,-438097.6113
5221,-282070.249
1160,283516.0733
16128,1819618.092
16222,14623.78002
4897,708155.947
10107,757217.5982
5284,1085322.814
20339,116235.9521
15038,804346.4052
7156,-196119.2509
9075,-400350.1287
14067,-484898.321
12200,1293940.906
18624,812905.4028
8893,1445760.531
1577,-866143.1949
17915,-234918.5325
12715,556061.6224
4847,969930.6289
19435,2387673.327
20741,339781.2491
9466,151104.9087
7193,-115410.5897
19814,-192259.2589
19981,2605276.68
15494,827812.8997
21007,143945.8583
5946,-46708.05138
11752,-289807.9964
7357,666584.0596
2752,-460300.54
14804,1319597.469
2484,1271748.885
5146,1016453.955
16214,1249330.356
4343,127376.3691
9832,-487830.5499
2105,-63916.47487
1247,1751919.198
13690,795148.632
6146,1769200.652
7862,306241.0322
13043,2162594.736
3907,2652032.245
15716,1414056.353
13699,-994748.4182
2222,-333405.6114
4764,623530.7683
8515,1577351.247
14166,-64752.62441
21454,85061.6965
13500,853927.7926
14187,329302.3064
1587,3262030.48
6733,1013364.727
19782,906152.4186
9918,174595.9686
15877,370266.0869
7654,3643611.469
2567,238400.8888
14324,781108.5821
9930,930032.0028
18093,-916854.7915
6197,1308290.339
10823,759820.0761
9528,1818501.198
18130,228635.049
4690,1558230.092
17874,-140111.026
745,397779.5917
3434,-98336.08709
9360,-73334.43967
898,2111797.666
16534,1011234.85
17711,185135.4145
18883,2332079.692
11944,1376005.509
14300,500461.0597
20349,-380639.0689
21355,1055648.943
15561,4979074.788
21578,745454.5817
17212,-48718.25984
8544,573411.7969
3711,697203.8092
11797,322553.5705
10741,1013059.88
16725,1863683.202
13248,1210601.884
18436,370692.2842
16479,585215.1653
19698,83199.35867
18377,-362409.6146
19884,747042.9377
8744,533739.1538
8317,1114507.222
10154,921269.4456
15185,67474.55521
12265,1475983.178
9167,222386.0492
13047,1703049.325
19005,435287.7187
9536,-1445762.159
15955,4346894.403
19462,2034937.998
82,-246885.6682
5290,-45814.49885
17060,264963.4919
4698,465309.7364
1994,467243.176
13149,1024398.999
20058,1033256.595
324,-751702.7316
6558,-445324.2367
9052,-461785.9641
11093,-106975.1029
20946,1704539.321
3612,1647457.644
3927,2621824.407
5333,-325496.801
6560,1212543.724
13765,772931.4788
14200,1247338.444
13577,-139304.2199
2349,-134723.9032
7563,828658.9596
1507,661629.1353
9857,-363972.7119
5517,1333416.361
15792,691924.1376
422,738672.6804
16055,336887.2662
17431,206979.0323
9459,2169532.769
10834,1081369.037
9765,-947527.8431
1867,1017296.828
16675,1048956.657
3526,651539.0152
21164,2488346.355
18629,2000884.612
17072,532935.4317
10199,621921.9436
13794,1934755.926
13939,1629205.874
951,-139423.145
14708,1722153.31
12892,1303297.551
1929,1044548.886
20628,549570.2051
5890,257532.8993
13648,555514.5093
13932,1136145.031
16269,1376716.412
15951,666209.71
18340,164783.0213
13454,1179410.958
4461,1632644.972
17929,676486.193
1444,915929.5452
8950,-1105716.135
14791,1213461.187
5308,3684373.528
15137,1557123.354
10784,2019269.339
21424,902333.1341
19510,1211367.319
12580,-663757.7509
8447,1328524.094
5186,-387871.1502
11846,-489195.8998
2323,468390.3118
17248,1851922.359
6148,295101.3436
12099,-338164.207
4395,355029.3372
14104,29804.39072
10543,-811026.1084
10959,2373654.313
18933,881779.8503
1368,-76436.68121
11279,1721459.474
11685,993232.3396
20643,551516.3121
13748,845343.7247
11932,-577880.9439
4036,2460845.598
9177,1905123.522
9002,-216405.6134
10260,-41730.43027
6192,1955337.899
16833,372226.076
6285,1013217.104
13687,97130.27463
3498,188337.4163
2998,1227072.374
20185,2220090.354
11923,2207878.513
4852,2390059.636
20768,2159293.355
2113,2281844.216
327,2596766.23
15489,1333613.908
6041,-52194.72483
4608,-465211.9768
18031,418722.7156
16575,-539021.8252
21434,799114.295
16656,625313.0962
10330,2053817.909
2778,-280065.7291
14421,-162016.4676
19817,1210452.381
15180,1437105.047
20680,1322040.947
5649,562782.2723
12829,127161.4574
11781,569111.3653
16822,824433.3349
1262,2379472.581
5245,1182517.117
21160,666108.6891
6062,-499078.8204
6031,2286245.223
11394,-229747.9708
7493,664533.7009
7487,236782.6165
18991,-93556.03706
11067,-764317.0873
17806,-266403.3745
17124,437926.182
14086,815928.5447
17280,-353852.1521
12313,981967.539
6168,3353144.502
2441,1152213.931
13063,-268267.1921
7278,127748.2295
18024,958406.9795
4651,924802.7795
11970,913620.9148
20422,10105730.98
13345,-130967.8446
19120,1258565.119
15397,-303918.4256
15963,160955.8472
21131,695324.2719
21222,-392966.7255
6690,-287904.8888
4591,-402683.9651
19853,768326.4394
2509,796352.8865
20533,309575.3998
3671,-150510.1214
3943,1304676.898
18279,-120940.7402
14672,793358.9692
16466,72675.62874
8112,777408.2486
9569,137446.8118
774,179007.5431
7714,321226.6275
15638,794274.8888
10639,1217475.494
17442,461231.3711
7087,-940528.2132
4238,485217.977
15694,1408420.401
4904,-68748.50846
234,-99529.80211
13575,-359085.912
11740,-853699.0313
19624,126772.1099
5686,2115782.112
2416,410740.9863
9584,1295335.272
6699,-726968.6929
5775,1960290.954
18681,324615.8594
14101,486465.0105
1046,4632184.458
20246,986334.2889
4096,-365288.9265
8914,681322.9077
4080,53054.65974
17104,1005506.848
2145,566475.5431
2747,514487.1922
16446,-379498.4607
9909,863065.3026
14940,92720.70654
5319,1066703.763
6632,504706.8023
1735,-1006557.825
16867,-528513.4695
7878,-212067.0018
9776,1439931.302
8139,350553.1111
14930,2093076.084
7083,1384368.754
2920,1490778.773
2168,881887.7077
20452,1408064.952
19333,-117108.4308
611,576029.1827
10412,-348089.6937
7345,1640797.768
8646,-2105.694637
21273,1256969.583
10105,521423.5431
2011,-619440.9094
6061,1970364.233
9268,1687551.973
19141,1578973.317
121,1520636.215
1926,357170.815
15902,910211.9206
19130,42728.57309
18922,701335.2205
20170,737010.0662
11193,1142283.225
13583,-272930.4205
15976,741548.6006
11899,1433624.939
19786,4903.421875
11151,365535.943
16886,-528083.176
9838,182295.465
13139,841606.0101
7365,3565214.385
17097,954459.3932
9329,30734.83892
1177,1574239.292
10775,712040.2563
11895,837026.9006
4794,841856.6301
21415,1526533.339
19650,1801246.566
17541,123853.9435
307,1500146.981
3920,-256007.7873
17477,958604.2128
18155,1754841.305
13847,1574317.697
3835,551385.2786
13397,1370975.995
2351,10710.69912
1893,1160265.219
225,-32473.36626
14007,1394809.263
7791,-595458.7157
12283,810203.9604
21592,854966.3167
19227,2329478.88
11118,637209.9588
13735,1005561.507
19722,1437632.506
16537,8792.086383
10609,13534.48518
9883,315779.5866
19900,842107.8987
19825,724202.563
6706,1283787.438
12574,1302368.153
9751,1284612.9
10744,141871.7117
3707,110065.6308
902,2348560.358
6928,1236326.347
4629,1544748.584
527,1666884.213
10495,647060.5391
12566,-406960.9884
12042,-310965.4556
12531,1673433.405
10776,870988.0918
2048,989457.9981
19337,218406.9282
2878,-692658.1077
15639,723795.615
6242,-334601.7006
4987,1621199.772
20119,550828.5337
4377,1121947.916
4349,684158.697
4617,296783.4671
4864,1169250.107
6016,1089474.29
19652,184119.9198
12968,500857.116
4759,1139300.056
722,512814.9547
10122,1216203.667
14964,568294.1955
104,1060805.4
15827,-68403.70029
15989,1124405.451
18570,531478.1636
14517,57355.46944
18924,1025075.021
11109,1712305.447
7545,-281700.817
18723,1338167.336
7828,1869271.725
1859,1377888.342
6413,3511180.955
12634,61576.65002
15575,2404511.731
13168,911283.4736
8835,93533.43154
8083,1950184.777
8609,578533.7998
13731,-383908.6986
957,529044.8255
4029,2448550.03
15165,-245547.2921
19768,1101470.388
6127,1135118.55
6580,294066.7397
9181,260160.7087
11334,493292.0216
5405,1712533.606
9522,-186536.269
1495,-41708.82668
4443,991810.5442
15428,193156.2304
13849,538349.7726
2971,1491469.377
1540,3822396.625
16019,900029.859
11274,-142997.6782
10510,540873.8691
2181,1086879.344
16830,-270733.07
20770,1398095.287
13352,-284246.0749
1228,-266683.5751
14737,891005.949
10180,2179510.467
2471,626439.8868
10655,419177.2737
12402,-407430.9471
20548,505516.8837
3828,1618584.49
3502,1108113.005
3929,1839086.474
13158,431447.5715
2398,-104712.0939
7258,1239214.49
20920,-44312.6583
19178,1447574.434
8549,-78087.48607
14781,1066164.718
16175,1987005.383
9756,515313.545
6779,1560229.136
1059,1067926.556
20432,-31398.90441
16179,-427099.3871
2863,832860.0476
8009,1110951.144
12753,602651.9176
19942,321432.5207
755,613115.8495
9829,-178438.4415
6286,2055586.147
6696,1165539.122
9910,634495.2817
21035,1107577.179
19833,538182.9676
8092,583851.5501
4775,-40835.48741
6114,162793.6768
6762,-327828.7555
16783,641610.9694
1267,1201144.332
19076,-669018.3877
20073,2469920.405
19930,598607.4024
10487,718816.0276
6783,539079.8992
9896,122781.0987
4016,1086453.518
1558,2017055.603
3610,329746.8436
4467,179355.0893
14571,458599.6755
19980,85289.28846
827,1163372.081
16212,-273511.053
956,794777.1323
4122,1400963.562
1948,1651736.051
17700,558250.9891
8072,699149.9299
4521,61616.92307
9925,237158.1859
13091,115304.7094
12713,724642.9259
3181,998515.0005
9943,734211.3341
9611,2384779.257
12040,114216.3996
16276,-500865.1265
2428,697884.0064
3958,2075949.354
5417,1260092.443
17127,-319026.2091
8828,625265.7606
480,1529740.849
18047,27876.61714
11644,506616.389
672,1013198.301
19494,449440.7037
14927,1330855.924
10971,1210421.005
8151,1088449.948
20870,964763.5517
5909,1110704.711
724,1070851.678
4870,2478022.82
2842,351622.653
8156,1587863.478
11339,377930.6443
20949,876496.5563
20857,578267.7437
12578,2823517.038
9144,776543.5371
10957,132661.1049
5356,2480134.452
19973,528821.7251
859,3990782.605
6572,1035561.97
12979,717155.7042
20439,1054597.985
17242,681892.0665
8084,2505516.868
10613,10516.50779
11901,1542788.898
21497,1666021.495
286,373768.7736
11188,1514414.33
15983,1301485.88
8207,-189230.1236
9426,808519.637
18212,789399.4166
15475,-509719.7025
17295,876832.4633
8184,576215.5235
10222,1510656.678
9859,1431654.07
224,312090.1348
17377,749887.9081
20139,1401678.508
5592,16788.72497
227,891929.0927
6328,2493337.613
13611,438584.6765
2544,805428.4372
11455,784796.2435
11844,1825088.353
14586,1220188.274
2262,828171.9854
950,1590235.537
10972,1128402.083
15556,-777096.2186
8870,1453911.276
15837,1847151.092
12515,-257394.6397
20726,178094.5321
1079,856738.0881
11149,1293169.038
6351,248639.918
18941,271524.6393
18674,2359619.812
21515,2069454.625
2228,836314.9709
13328,704477.8746
13482,1448408.807
4526,545423.5594
3141,-385219.1623
10405,1530354.796
4777,90074.74946
5801,617941.3854
5267,1288637.125
8205,-317894.3777
12434,2416307.812
10288,-426541.9604
15625,340093.459
8511,303755.6902
7465,870041.7728
9270,1259328.532
17286,1271292.6
19267,-125745.8746
1546,-466227.1297
17967,685537.442
21014,1876378.832
11183,1102720.344
3229,621339.3886
2050,996525.8931
15788,721372.4596
19894,1110503.013
7812,3763327.174
6095,-461790.2216
2438,1053326.779
21214,795544.2754
735,-41006.07754
86,567837.7915
4901,511363.5182
11851,1581789.174
13654,314210.8589
17017,1070154.284
4451,1967218.983
14034,577574.3006
4459,1066666.736
9823,373642.3804
10003,1091266.113
2801,-214453.4207
13958,626430.5742
16158,1972151.896
20420,789756.7064
8484,1635577.688
90,-111891.4569
20925,233827.2507
13552,1105151.338
1909,669879.5833
7626,161147.3474
1026,280535.9983
3585,506962.211
12559,1093530.818
20257,-5269.095133
450,2139132.108
13920,190096.3353
4420,193600.6699
13878,1127452.788
10052,-648131.0681
1831,-480787.1922
18601,-542055.4531
11403,2511398.889
2385,1454024.237
20608,2202256.794
18990,329839.2559
9161,-219477.4363
12180,1115644.788
2307,564397.0645
20833,389708.6609
7611,429185.4275
6035,526310.8267
15764,654031.0945
6239,457260.3943
1915,978823.4284
18296,1228948.831
19885,-117851.6857
17550,208312.2845
15237,545534.5575
19760,2030662.668
17078,473392.5451
15766,6753889.903
10304,1427.201328
14657,10701.98481
10535,1356064.991
19543,1331500.604
18746,-215397.3002
8504,-305497.045
7467,1680823.13
9593,466941.7797
775,259850.1407
18545,367229.842
17398,807260.3793
19014,1328221.662
14422,-899943.3278
11705,1175213.254
2738,1138829.209
4512,901041.2218
16512,1478638.487
281,466901.6194
6627,63971.10218
5065,201808.1658
1534,1013040.659
15472,236823.7489
13767,388148.4551
455,600507.103
1715,1794798.139
7185,685078.8952
5717,1158564.876
16709,1089922.798
9558,-451707.0483
13071,-54645.47783
17552,2527816.872
186,2485214.051
8296,-420676.7352
8954,1619427.385
4025,4099221.628
2074,-488395.7764
4924,1828292.186
7606,1801506.381
10531,384161.6594
7138,1368589.439
3646,380808.0316
16157,812902.2675
1110,418913.9688
10374,3999773.733
17830,663139.9943
11372,423787.4885
21563,496743.7364
19245,1489278.115
14039,-439816.5974
4523,410177.9422
1807,830019.4136
6679,1670890.881
16649,547984.5124
2710,365308.9753
11637,-249215.235
8411,668244.1675
5231,214467.291
7142,1570932.678
4,834323.4517
7265,-720880.3811
2916,652473.7559
20109,1906508.947
3024,529613.2924
2853,2096861.482
19982,1948377.914
9780,926844.375
9000,1023746.457
7415,339241.0112
5303,593630.5781
3827,1517995.631
5478,1373255.46
9637,737667.3297
5230,1250526.496
846,298818.9297
14890,-194875.5525
6324,892744.595
8306,946328.4161
12838,1287283.501
18559,-417927.3355
2585,665881.5913
19572,684055.7322
2337,161887.1871
2303,211724.8201
1770,323032.9146
16440,200596.8707
7425,-922401.9593
14047,-409348.6874
14103,1139862.852
15355,1089093.1
19703,346915.9025
5376,-564237.1915
17282,58277.82058
185,1884090.163
14288,1173700.432
7053,1703875.677
21580,798367.608
11514,40707.184
4627,2593386.784
20131,336121.5799
9084,848723.4632
10700,1302511.003
18945,1086849.595
5386,560192.2633
15009,741910.2811
16191,-681945.4645
18157,397055.5291
9900,1688904.119
10385,1112175.8
3362,-484261.3145
15016,-368463.224
3055,-169270.5931
8785,1173562.835
3268,2671463.999
10354,222233.9922
19294,787172.0551
18507,-71295.16243
6757,-315628.8151
6651,393221.9767
14513,-8709.717
16465,1697583.004
13670,668598.6189
19099,-644266.9751
13179,789275.9102
12903,-106990.2657
4401,204917.086
2569,109927.7749
13147,1526495.473
11780,1713283.212
5512,-1040214.121
13448,720042.6576
20198,2133621.808
7139,2029427.544
15845,-249460.7471
12348,1135814.811
9430,500915.8167
4442,18219216.74
10554,175993.5768
13854,1330886.58
368,1862629.087
14962,1446306.605
83,262093.057
19234,1538440.292
8597,646277.1453
19396,1090533.235
5683,-507904.9598
8964,1229920.74
2194,2837360.461
13807,884571.7227
21155,2111264.302
738,692545.4474
19379,123279.0334
377,858435.8042
16153,756377.9658
11588,607938.782
17033,464476.8326
7601,-297041.3815
1731,2537410.589
18057,1166768.732
20401,-294897.9553
4740,-292215.5748
5902,1623577.017
9911,637174.4215
7124,908781.8386
19129,731703.9254
19184,280639.8527
8163,905178.7097
5472,828657.5911
2078,1222572.461
21256,480794.2904
11070,-119226.9606
600,1462858.794
18271,-923650.0136
6825,-404497.1887
9721,739646.0316
15306,105837.6759
7175,-558735.3192
10782,1683606.493
13194,397072.79
15506,1075043.084
13067,466374.3808
4138,512991.5197
662,647664.6101
1263,912799.3276
7179,1096587.529
1910,-1986.023388
3760,426402.521
9689,1102767.745
2299,2719201.574
13519,81794.858
13433,-191471.3272
8548,-22858.0608
1041,-580082.7715
13864,-56691.08432
19279,1338123.795
6814,-379103.1344
1835,-525715.3842
1675,1271988.974
9016,61816.40845
4069,772508.7232
10125,808585.2827
11812,154685.8069
19293,753597.6011
16796,542117.2294
5698,937525.1244
11667,1312441.531
9763,324928.3742
3568,-298204.6654
16938,-728784.1038
1781,263626.745
15365,909548.76
16095,554608.81
3344,196987.8959
9557,1467089.151
8712,-35675.6791
18368,1441873.122
14178,579839.0208
20220,524771.8561
21338,625881.2641
6322,88115.29787
6253,1579161.857
9446,-148920.316
19581,1137113.15
12333,713366.9775
2295,-439927.7924
7976,669543.3359
12960,852186.7413
4246,1781654.272
19187,835720.1519
9197,157261.3267
11669,214479.7867
18766,-160328.4933
16667,1861483.407
11885,863341.6746
5575,-730095.819
11999,2239800.061
15249,-455160.129
13506,460696.5519
16556,-536989.4224
8595,736955.3177
2844,862153.0837
9591,900939.9368
6352,101622.8901
206,920236.4416
8812,591891.3982
8772,678727.3043
15,512675.268
15795,74541.71476
18073,1304806.059
6283,-479072.792
2161,426021.2622
17804,620282.0725
4476,1159381.677
17056,1208167.605
20085,2247192.346
17966,938234.0074
8118,220796.316
17455,988928.7927
20824,2186471.48
6160,44497.62043
1823,1388449.058
18586,797856.7043
11388,695083.4847
339,839036.1594
20049,1503065.192
14492,1716759.798
15816,969683.5622
10934,897404.6123
15356,-56315.22605
12782,-512941.9354
4771,-577725.7027
13520,-38409.38369
15438,1123462.109
3799,2316424.836
7514,251984.5916
3109,-722701.4016
19777,248686.6908
8715,485488.1603
10756,353394.6313
1305,325905.9564
14711,-705400.3372
1235,-507385.3112
13445,1028859.806
9988,1211685.028
4319,-258073.8149
16253,1422126.229
12955,-36019.85809
9066,333679.185
2630,1200382.577
3465,831890.3813
3146,465889.4198
13240,-565117.6549
12290,-677382.6769
7642,758740.2233
3939,-105807.9247
1341,1199343.5
20226,1651332.452
16983,871077.5274
6994,-146176.9199
11528,304851.5427
4692,483628.2043
15399,-470029.4674
10317,1103040.092
19656,443136.9949
20696,1167380.989
6800,1355794.898
7869,2265369.844
5688,437747.2169
21610,655316.0075
17003,1635929.82
20718,59241.09235
5504,419527.5755
6213,1284050.63
15927,1230276.444
10428,1001501.617
4225,54611.8923
4992,631614.4421
6037,466111.5708
9392,284357.657
7797,2383263.691
7294,-285819.0328
3102,-355325.2642
11173,2270063.646
17514,1728354.63
19826,2491291.286
13025,-586875.1027
19049,-195643.3799
10431,927424.0746
4105,373212.7647
5728,1060274.469
16679,-289195.2228
6973,1455946.574
8358,-442713.6785
2701,671387.2136
5899,-253903.6419
15669,3180943.623
13698,2316519.705
3556,307214.2235
18354,304315.8952
14518,223525.7455
10993,706635.8248
20095,1948537.195
6700,873057.3351
4178,624911.4198
7320,396207.346
7578,72277.73536
11745,214842.7748
19022,113910.8767
10614,867672.0159
7615,566156.0187
10051,746172.9085
15295,1189578.302
805,-45716.74244
4719,647661.129
14410,848680.6774
2273,-863691.6063
7368,242189.2617
19324,1576487.366
17225,49499.18582
17662,-135441.0387
16670,1333193.559
15975,287870.2885
13781,-195266.3305
6258,276972.1278
8490,1060628.754
6697,573441.9327
4550,-1101020.69
13436,1592456.07
2355,1778071.578
11187,277730.2152
1170,658711.5935
2442,1260577.31
14773,1812129.585
17684,1307832.167
7587,-271514.4455
729,-60283.64025
20054,595963.2012
6485,1140413.629
15260,1326347.979
653,119716.3921
12329,-556124.8745
9356,30876.50239
12264,827592.7671
19449,830619.8959
2640,819749.4005
16079,2514059.277
9912,782161.087
12812,533013.4383
12794,-667634.485
14678,1697724.869
11891,745437.2
6863,1057363.255
4081,1507262.853
7761,-364918.7452
16713,1834250.572
17416,693694.6378
5006,827696.9075
4765,39805.23043
12361,1182362.837
11829,500339.7965
11223,936822.5772
16857,116277.195
10454,1308523.421
18971,761677.9523
11253,-470087.3451
6864,998587.9447
11172,663214.4689
6303,254489.9761
4619,219707.5284
20638,491025.6124
12676,566864.3802
1829,580803.7341
10063,421430.0793
20001,602660.0124
6451,352963.4198
11203,1219661.413
9966,940981.5434
16780,558087.4123
6767,727420.0429
19345,-543098.1515
4829,1300901.575
16702,873619.3041
17993,577490.6502
13560,-444494.1538
11552,1583570.248
13028,1908486.569
15244,683971.4899
10468,39824.982
21456,786537.0485
18491,192788.5956
5162,878911.3578
6056,867254.3623
4885,34175.56385
11480,623593.2883
13587,1957364.262
10388,-91313.57635
9429,1400077.531
17682,1776940.378
15358,615145.2085
3221,-268573.6564
21561,1171623.721
1990,591012.1127
15825,987701.7182
12094,408568.722
8452,1381662.543
8727,1735792.184
5233,468360.3272
6655,325884.8975
6509,3539886.129
19067,664048.2996
11746,-126708.0342
14434,-80526.08422
834,1199197.946
3758,894222.4694
6087,-285679.8467
4384,-851493.8258
2252,-308017.1883
17066,-873608.7207
5148,-1038604.781
14760,-440009.5065
3276,-753634.1033
15803,932751.0645
15242,1876181.594
15314,-29966.46514
20625,748791.5311
20668,1461371.709
11219,144810.8299
1761,971048.9512
9824,248457.9843
21064,851392.3503
16383,996834.7182
14902,1572222.092
3115,315434.2788
5973,-267551.6086
838,770753.1779
15235,847391.8039
11359,-168163.5911
10906,-878327.8799
5446,146912.5542
5639,-180592.2044
11847,341794.9083
3409,1151485.029
19871,993367.4483
5480,-1077067.555
19450,647310.946
6357,-152023.669
1337,400456.4593
11972,107563.0625
2871,1453164.417
12854,60112.98382
1390,-637426.1119
8434,-57997.69044
16921,938143.4429
3161,1244206.173
17857,1055978.085
12050,-250511.936
20193,563067.3534
20957,1962413.974
1612,182146.9633
8745,128488.301
6894,984511.94
14784,519741.9813
20979,218858.5881
20182,1088566.927
195,559555.1597
6536,1403477.814
7889,269576.0561
652,1986481.45
2696,2074860.851
5182,741906.9389
1373,1851789.197
14616,905980.4727
13033,1585936.02
17263,239868.2504
5212,1583576.669
20607,-134905.9915
11378,726513.3422
16106,1701428.058
5700,1069850.21
18353,-330747.8287
14652,499048.5254
10486,-479276.4455
7068,447955.7375
13985,1659463.08
12642,631125.0043
16462,-35863.01477
21263,838096.7765
21322,2827984.57
17380,605907.7637
12784,3754846.441
1477,811418.5117
11264,1269365.244
893,424192.5362
2410,945278.0908
14745,1539697.11
12821,1481959.469
15095,824659.1165
21130,53419.32958
18877,435101.7526
16311,1494465.195
17970,686679.5812
16982,-573706.0841
16070,1586192.356
19238,959981.5903
8041,1605434.114
13140,1275206.992
14958,251841.0965
12668,415992.5626
854,1617705.848
11936,-274642.0057
365,1377062.33
17335,830412.5939
10238,1162641.519
19947,1663383.25
7548,-431265.9512
14587,578461.766
4466,-171225.7968
2429,583757.2742
3535,147484.9447
10191,268069.2599
9959,818543.4055
9185,1507368.305
12552,324387.8347
11938,1762941.271
5287,-38879.8067
6218,-602460.7941
10943,872740.9227
2127,-184029.9148
11026,1279604.309
11459,737874.6999
7841,457513.1253
7617,1202355.888
2248,1762327.163
8858,399529.3987
9592,-197463.3236
10286,1037676.905
9633,880330.4066
16196,834907.9836
3700,764532.311
14815,985547.2161
18700,799068.4413
14244,115761.7287
5239,2117128.592
17373,903248.9949
17769,157681.9115
11576,26862.48369
4432,1465734.439
10024,183911.5138
8605,881362.7873
19568,-274375.1918
2746,1543214.856
14350,811624.7168
11299,168032.8284
12513,-714248.0763
7872,97777.99255
17622,726217.6025
18456,2084322.357
11121,644253.4426
20841,1576477.056
18065,-419356.678
10772,464183.7019
15587,1554776.064
9338,-595995.3345
2793,917307.0406
8286,1263741.101
17664,1894887.537
1599,599267.4161
18886,530999.0625
15720,1345255.01
16402,420900.7363
16043,621753.829
8146,265844.6632
9221,1641292.604
2683,1656904.637
21534,820441.6638
20311,330063.2025
11792,318083.1938
10418,402107.6854
20158,1513181.235
13205,1007982.315
12902,1177495.577
14003,-390102.5757
1895,1809969.384
20519,1904904.173
6379,1092619.759
20110,489893.7751
16094,1060049.137
16919,1445374.438
8584,588001.4239
1740,2951026.461
12899,728252.6409
3507,1088662.705
10568,1103942.049
12699,-626713.0242
3906,1233946.243
21081,298643.7949
18275,1144959.417
13713,899716.3456
17381,-137795.5208
2827,-112333.6464
18783,3183628.662
5017,802523.1904
4261,664162.4651
10549,1134626.087
20728,2821949.993
3079,-105948.804
18626,871760.3436
12205,1650841.44
6711,1158895.893
16021,1507468.059
2511,-200590.2535
13961,1330668.273
962,256489.5159
20044,652925.2711
1918,-591213.1937
9283,1377351.192
5179,1051243.514
16491,363210.3933
5869,310755.826
3291,-219533.45
11501,-456434.2942
18694,264493.3277
17734,390226.5375
20749,822405.0008
3573,1156129.667
8015,1632152.66
8221,-602529.7902
6345,1046992.605
9054,1050128.052
5076,51266.5186
6473,1391165.018
14145,817007.9875
19476,765198.4357
4058,1075195.262
20896,1852646.336
21267,219727.2465
7239,544155.4954
10797,1225565.882
21034,2506054.852
20653,939775.1507
11323,1698265.726
20476,272647.8794
17872,329477.6483
14801,-392433.6128
1963,1155886.5
15147,421309.9628
400,71148.45376
7374,799123.7414
5243,527433.9111
13192,268456.8605
12909,325932.3101
4146,109558.9779
10306,-426964.3851
16069,1888265.679
20906,888204.6997
16909,-85797.29889
18611,-242620.0832
4344,127376.3691
15879,-245121.8472
1592,448528.797
16334,275157.3676
3065,1044914.611
11419,510397.4005
16997,729292.2331
1851,-18256.15047
19616,497278.914
10152,744583.6421
5241,1383753.439
8094,1580669.139
11287,-7021.921213
12897,317044.2213
16261,1789822.531
18008,819637.6777
5933,-452781.1781
12643,730513.5294
6173,232738.6484
6889,736645.3473
20038,1107910.007
4112,7042637.289
19680,991848.5661
160,295671.8745
9204,296102.9889
8498,-211046.3125
10111,4830670.384
15224,550674.3384
15536,1757727.266
14524,1067575.788
214,327455.926
6418,1554911.324
6721,-462509.85
9042,-115483.361
19348,696861.0353
18564,1516849.831
4946,1098670.575
3489,-268956.1465
14979,1573696.03
18563,757503.5451
12754,130530.1142
9521,1246283.218
2121,1162724.452
16140,216362.4066
21236,2176491.63
19737,2582241.428
16557,-585438.8179
20192,1252924.947
20277,-73706.16079
14240,179498.5844
8777,844939.8981
14908,1585253.169
7486,201876.1765
20453,18605026.35
6372,1432062.692
16382,-412311.3983
17158,-381697.6212
3776,4137224.878
6777,396061.6115
21173,1521230.427
16766,349521.0015
10093,254248.9884
15065,537600.1595
18355,564508.0653
5682,1155150.889
13390,824618.5049
6710,405271.8091
2292,2037630.885
14326,426762.9653
2473,852329.6386
8057,4432918.827
2470,363184.4944
7766,2052905.41
4533,556445.4453
13609,864564.5781
14245,-342036.5384
1943,-436356.5415
5706,2014630.908
16488,12099.61448
6771,1933617.15
12945,190704.4667
20621,2025308.402
6892,785117.1366
17843,129043.7714
12493,816971.9906
9385,-31834.7407
17435,469230.2399
7111,-672798.3294
15269,912873.1797
13544,113797.6995
6161,41799.93339
9849,910275.0857
19606,222361.3052
8107,315566.4145
9303,752251.0242
11291,2455109.31
7097,1057769.455
20497,1187290.784
1759,961135.4902
18407,62895.24445
17493,504292.9065
10634,2511628.38
4552,45773.53169
3114,1725443.003
13353,-224946.4907
7911,663850.2157
3931,-90647.13067
21378,122016.4869
896,487763.3908
8878,64014.59847
10740,-1021001.848
16014,890417.9117
20794,801311.4552
8212,-119214.2598
10382,974412.3808
21566,31672.77875
1784,1027430.755
3913,1357006.929
13871,1893522.592
19809,449915.8762
18749,871144.2581
14203,-336112.4667
21347,1138277.6
15462,909863.3089
1011,1058479.457
1124,1654314.241
13612,607158.0408
6074,1365108.182
2987,1396685.409
10786,-401622.8355
6017,-693557.9931
5367,-1018272.921
5596,605279.0986
8339,2082944.78
10112,1015672.71
20173,1927777.289
1480,168818.4441
8336,-656819.9959
8379,3001732.576
3396,410035.4545
2765,681426.869
2370,1076482.581
19607,1139551.067
11421,846985.0755
601,964547.388
20699,1824017.379
2435,558844.6241
8740,545617.3145
9659,1428584.008
431,141515.7548
12705,1115778.379
487,2328898.813
4713,961073.3754
9841,3067540.705
1219,-1048802.303
1060,360660.1939
16074,1099718.974
17186,1365285.571
19818,319570.9092
21336,330776.9993
17823,1795154.344
6096,3673531.773
15821,1867748.613
2513,4273544.311
994,-607837.6145
18334,2637234.559
2532,480545.1022
3901,161884.2685
8929,1759532.839
16290,-173043.2412
13588,57993.731
21086,1555727.655
19573,321669.5576
15583,1059722.591
15940,38198.25576
6474,784546.7045
12725,-242014.725
15072,179698.2249
13858,-4648.768741
18404,-222526.9264
5678,750505.0984
7902,1510786.459
7817,1229022.921
17583,977712.1562
15119,2450591.662
17765,2408779.362
18285,521529.3462
6606,145631.7426
7092,470865.1963
2301,-37323.35283
15461,835795.138
11142,660493.1873
15672,324813.9192
7017,-240851.1478
8691,37125.85045
5599,231396.6827
20255,324699.8943
7989,-242680.8953
13565,305452.0174
6574,47368.222
10739,1081867.931
14966,1238782.553
10232,21836.86359
3503,-83187.20524
3496,-278464.2988
10434,1160636.653
1962,-662493.1756
1175,372647.2911
18615,766469.7839
14533,1445068.996
12540,501323.6707
7809,1202354.12
15595,721566.6612
17595,999041.0243
16778,-270144.9407
15377,1581355.437
8948,406036.306
9962,723898.1473
11055,31197.22716
1031,474231.5667
5348,-131638.1862
18707,150754.7281
16262,42383.66028
3536,1068185.112
998,-69967.95273
13976,481157.3654
15352,-27422.69399
6084,75262.37633
10917,319047.6388
1549,-276130.408
16874,460342.4253
14045,1493202.14
17178,1288987.349
2165,-283481.6394
13242,-177681.1509
16204,1186473.936
5590,1445859.549
15155,638532.3074
7489,179620.2588
2275,-5602.190306
618,563737.2821
15081,-804374.7992
16086,1997790.231
323,-729858.986
6078,1801929.278
1792,888662.1933
6789,4086.836664
15382,130396.8476
16798,1054204.967
279,808269.2132
9833,949895.6067
14529,21409.36084
5060,5086650.606
8019,842891.936
1367,490314.6068
6456,98219.79766
6274,676486.5935
10016,-913804.0039
12432,1401532.881
16775,418591.1654
21557,617002.6913
17029,-926608.3912
1374,1329947.707
13995,2144676.139
12657,1145895.009
8529,1156098.06
16245,1161854.018
4313,-157882.5751
5526,-66945.57931
5240,142878.0889
14417,1262683.763
2602,493760.1634
2577,-576314.2178
3817,-484078.9858
4564,-860966.5051
2204,740430.8439
17246,2474975.15
12464,1451410.301
16578,499102.7659
7088,-361080.7178
13639,1498953.679
5763,1080361.142
18077,1160827.336
6838,188974.5554
13597,1110989.647
6211,793273.8977
13982,-327635.5721
12233,397200.7375
6942,3020135.511
15493,1251879.304
13750,25200.00391
10469,1501264.462
1615,87538.38288
14193,1302413.547
1528,1264052.356
12681,1498765.1
18753,1029245.29
16107,997668.3241
6304,1850108.285
20008,1488265.299
19061,-541280.5907
4711,246188.2019
3752,916507.9918
20679,324699.8943
14346,-125343.9969
3449,1356702.548
18940,-925744.3819
17973,309254.3194
13709,1113422.328
15425,423866.3753
14004,-896172.4448
15074,1176638.782
2617,-264770.8823
3145,728848.2373
19892,-414277.9232
10259,740193.6276
7170,-739008.1143
8627,172275.0489
537,947319.7894
12026,1320280.57
12294,-959099.4344
1654,4713936.811
16345,558022.764
3547,1693660.511
1608,-28510.51827
13429,1813366.766
17171,961795.4704
17717,550512.2044
13510,1500357.083
13370,-77517.81957
7296,512031.545
1660,341254.2426
1871,934313.8679
13535,698784.4804
613,805833.8586
2663,118567.6865
278,2783115.357
19749,1127164.068
5668,1958516.862
366,777789.2002
20034,1079649.09
20893,2685981.972
19316,1041139.27
21314,997629.5584
13866,-637733.1658
19326,2216568.794
3677,941164.9201
17204,1489786.506
13879,1604396.906
7293,1452247.778
14055,768515.492
5171,276251.9577
1533,346033.9033
8540,914265.6473
14426,586162.6821
20433,325200.3781
10704,-993011.0659
16223,713173.9445
9111,2096973.345
15838,638952.7161
18972,1532918.468
5258,1620355.533
11225,-777714.5422
17492,95601.50307
16806,2267351.116
11164,1115484.846
10499,1657460.597
19791,1762889.74
17953,827823.025
13712,555340.0852
20013,255331.9868
5438,530338.0734
1070,940103.2422
15762,-138220.6825
20670,715071.9687
6265,113562.8887
5142,-4396.843292
17198,632325.1895
18197,1917972.731
11380,1061236.267
5031,960818.8824
14159,-139356.6743
20636,1713487.082
17987,-162650.392
10967,459490.7512
1726,564332.8334
1649,111263.3174
15389,81780.19416
13133,921345.4808
6595,1054609.659
11906,363424.8955
7406,1042314.302
7794,138269.1357
4555,-552996.3508
18164,1371445.911
17057,531758.9402
9129,2193924.993
8175,2206065.871
9723,1472480.319
1417,-658306.9087
16051,396362.9919
10072,1441165.606
17032,404234.7
10976,1778132.235
10816,2785965.17
15906,1061963.858
5925,591691.9881
7953,111835.9768
6047,140640.8717
10988,142726.7368
18576,1414290.441
16442,1187140.698
6585,1677979.755
930,4883946.73
12124,968145.7434
700,841670.9444
21011,703032.885
3228,402981.6397
258,240410.7002
4290,842223.1413
21399,349014.7526
14150,903140.819
3385,3107886.659
12145,1432659.462
4535,227628.7129
18640,1544416.673
13026,138474.4597
9289,-604303.6492
6089,1907655.562
20724,660730.4905
8176,-102560.8684
11625,2049637.368
10328,977691.6706
19356,171954.0186
20511,581875.4417
21320,767705.5211
18903,380657.4003
3638,1450287.517
3512,130927.9115
5008,-144324.6404
15205,2022785.022
18602,566412.93
22,1663061.424
17793,293199.8239
12888,480964.5495
7813,-345981.8279
17864,1067681.417
5889,692562.3786
1998,-1025939.858
11275,-400116.8611
40,860493.0469
10310,451503.3055
20864,705519.277
5456,503427.6614
6880,172289.3735
18278,806021.9023
12997,-13532.39779
11479,1325289.691
10900,-517070.2343
4287,-214425.0758
9567,717318.9345
20086,2107762.036
10378,787602.0996
15528,-282754.6084
2990,198183.1798
14806,-595932.3354
18919,1172797.466
19023,1102505.229
11871,2062882.148
3071,2430960.93
1249,870258.8842
19128,1238717.99
15737,1313175.565
10665,281479.3175
12408,119458.7911
5786,60255.08594
12117,951374.1526
17300,289089.8841
7702,-68892.27221
14932,-390665.0997
10523,1460781.134
16856,973169.0038
16045,2618675.371
18807,2753157.375
3837,-70024.948
6416,1064063.599
18993,1735119.599
16644,807928.4838
12005,341746.8956
4676,1349189.281
19104,387851.4999
6570,726817.4988
16391,517879.3639
18963,794206.7797
21294,243308.7023
93,-908164.4362
13793,-553506.3862
5994,598033.0456
16473,1601366.182
2118,212774.1454
20140,270970.0043
3027,714171.603
15212,1230114.839
2065,662656.2711
10500,1740429.763
3534,192649.9153
674,686049.751
4545,528046.7519
12121,3744215.51
11682,818101.2014
5232,2097048.882
10181,2080170.993
12144,734434.5907
2290,1169228.595
11471,1732377.653
5860,81428.38887
18479,-822953.6135
16226,749090.815
14006,1413869.813
9040,1629339.023
7982,-698738.6271
8423,362411.07
1460,1715886.926
18114,197018.7423
4846,205650.137
14015,-328120.2747
1861,1398815.406
2889,-374939.8672
4322,691152.8701
5847,1133626.82
8594,1965493.995
2418,674218.9046
20377,1180342.678
3452,1379251.394
13595,-262028.8911
2964,1554421.583
8825,1601777.733
18860,-171959.5863
20856,301500.0649
10873,-541890.388
21052,445663.9277
3493,3596974.264
3394,498540.7861
4820,513442.3418
4367,765429.1512
4838,-529620.6605
20251,927729.9083
12319,-466385.7819
13820,-509111.073
5012,1280836.098
5091,86801.76604
785,1945018.594
11044,976968.5219
704,153376.9138
7619,96826.64084
20394,108112.9798
13407,715029.7785
2487,1236419.302
11796,1129739.824
16941,871271.4191
20549,1165853.004
15580,2934512.679
4052,447164.9616
4978,287242.8061
753,414720.0103
5408,-303825.9952
3622,-62030.57988
3867,304487.1057
13768,28455.26016
3717,288285.0077
4124,-126621.5727
14176,-273129.2874
20775,399334.1085
18390,938050.0601
1663,754783.1766
20025,1018389.157
3824,716566.3987
3675,-330926.0855
3935,1500633.95
6946,-82006.72589
21379,495003.251
19110,682483.1265
12919,1958648.752
13073,1102217.67
14171,-352926.3441
20168,1485736.242
4802,886752.708
18357,-135663.8692
13100,-501013.0656
19733,-726985.5537
6828,836521.4693
12250,1033380.739
2321,1851148.244
9517,72834.6546
16906,597933.6284
10594,1272305.571
15300,-211059.8599
16206,965187.3065
3639,-1044453.102
17702,223365.4636
21520,148.6641454
7230,-335271.3641
1932,1952120.158
5558,1825791.14
974,372794.665
15187,679126.4641
3132,911163.8843
7289,541275.1876
11739,1281816.431
11636,364799.5066
13339,163096.5555
3007,1004021.735
17349,-416597.3071
3952,1153018.584
9935,1819713.503
18113,-246113.0943
17794,1184349.339
21486,3092169.451
2352,1375253.264
18609,641423.5965
5433,1816957.013
3971,-861164.8993
12788,-583778.4165
16637,1093469
10861,285757.2363
8171,1333632.966
12476,1479488.664
16768,1067072.44
4075,926232.6526
665,787170.0024
17075,-694882.7319
14226,-187543.7995
5522,-355430.3973
7346,1007263.459
10871,1215457.501
12845,4057293.013
4474,1442036.469
17473,1410848.199
7801,1568469.229
15049,95813.56222
3954,-274281.7485
6778,806420.7777
15409,1402086.58
8831,416225.4721
190,1097715.955
6488,985476.6322
10329,769280.0974
12707,1737623.763
6385,813975.9597
312,1190014.062
518,1300503.681
5102,1999174.738
4149,-246067.242
8416,1094480.352
12080,-527303.9812
17403,1340824.528
14549,453283.2513
13916,-624350.3172
4348,-678702.9224
19094,1079422.858
18701,1158706.9
4083,-38006.17062
7640,-44894.34792
15220,1513239.868
12996,-585367.6663
3992,564326.3923
2083,1713009.312
2104,518871.4442
21483,1215785.836
14538,-1021367.189
9340,213670.5567
4222,-90857.00748
12347,357611.8194
2033,-230267.5827
12869,-962353.0021
7784,-544270.8605
14956,2275023.521
7783,552962.1893
19971,1000990.178
16932,1993441.011
11848,1514500.453
7405,2176411.949
6874,1545279.804
20777,1067930.387
10953,615898.0005
14347,886710.7282
4893,2645003.481
12471,-135559.0875
16389,2102766.517
19756,897438.6985
13525,40417.94685
20934,1864940.507
19161,1647550.669
2930,177515.3654
9739,39182.94007
13017,928861.5289
9699,553905.5385
17356,1560606.976
7007,1314757.203
1428,835329.9886
1419,200165.4926
8485,-258954.0232
17085,407929.3931
10968,35697.94369
15775,335931.761
4800,-372420.3937
19091,150343.5268
5780,-779028.8219
18838,-422975.9044
10357,454606.4312
2882,-521861.6307
11002,-24015.25912
14699,650429.7746
21295,1401424.099
20181,1088566.927
7386,828976.1453
17999,-226713.9772
4447,207182.9333
9817,1176072.957
14968,255601.0635
446,1153162.292
4549,1300197.055
19731,123441.9964
12931,76945.20823
20315,-638550.3306
10217,1061051.526
20853,2084067.853
20675,2037334.963
5591,401368.5193
173,813679.198
10196,793311.1981
18693,917700.517
8085,255117.1188
9091,215815.1468
20850,-179106.1777
18267,2445785.573
1471,-418344.2133
21601,2417751.306
11367,281336.2592
19488,1363429.866
12203,1928001.047
12549,1887281.906
5511,656108.2976
21209,1914967.684
15513,3070084.841
4906,-643712.388
6937,-191652.5189
14981,2035138.888
20742,-174985.7556
543,226266.4797
3129,734222.6089
16646,107296.2
6917,1481878.292
8860,1109451.874
21141,-492167.1913
9296,-676299.6601
13592,1948892.488
15290,441904.8628
5534,187807.7429
9264,1060181.75
11198,832461.0485
20143,814880.0391
2744,145382.7012
5814,1077180.276
5397,1090600.006
20877,-101877.7814
13279,-239556.0369
17486,577684.6371
18241,2351274.856
3849,5792439.258
19086,1829475.268
11791,-759418.472
8838,405141.3788
20502,1934937.607
4778,1090075.626
875,1218179.977
17298,997999.1571
5836,258303.4491
7495,1729714.344
4143,-249340.7333
504,1532505.693
16632,295666.3676
9457,1508134.99
1753,863067.7465
147,677698.3036
3598,568416.3504
8879,-114284.6028
13508,1325659.601
7047,1732852.285
1306,771089.9796
2407,-685878.4273
6954,1069296.48
6346,-318143.978
14374,503553.3105
18369,560288.3615
12879,491691.4239
6024,934403.9885
5431,1102512
15600,3795216.566
15531,964661.2493
2586,311378.5156
17931,693442.0046
136,-422693.5347
12000,2495360.158
12160,888543.1445
11823,-376504.4665
12336,1241502.338
18740,128970.9382
8475,1955405.283
11036,-258327.7126
9009,239213.6499
6072,-527953.5392
16827,1202871.212
21510,573692.9225
20939,338942.0832
19495,418229.1218
20942,676008.9546
6366,395395.9062
12152,923303.9983
14553,659913.6562
15127,1227876.473
13832,601389.1627
4750,163078.436
19633,637536.8042
20986,66775.37621
17494,890519.147
988,-202523.9574
17271,-333449.6152
6380,788120.34
18621,733683.0228
21150,2480152.806
19329,1297894.881
714,-661177.848
4100,1948532.337
17958,812138.367
4226,1016671.949
9539,2021706.691
11712,1294328.357
3245,-544067.9599
11725,-123884.4666
17471,2241468.487
14303,313246.1842
2666,1621410.91
12778,12960250.58
20599,-9816.961524
6291,609546.3326
16942,434804.4905
15966,332024.4347
11063,546597.5049
15700,822932.329
7758,-860098.8696
7383,372168.7027
471,38220.4878
19203,1094414.966
5082,4570194.688
21013,1037606.042
1611,635286.56
11679,1189191.234
4144,774680.9675
9380,617185.3861
11811,1009997.652
10394,323876.3095
19087,134734.6871
11338,-644976.3458
5515,897603.12
4355,1189269.787
12368,596923.2805
14880,2550949.439
19154,1607678.371
13318,501313.582
7244,364002.3773
19055,-626981.2083
15359,1289835.74
15591,908747.1695
16917,1670617.571
9553,1151133.26
15567,1728102.535
14980,1629536.372
15094,994986.4207
2943,-8995.579153
6734,-125959.2423
1836,1871069.715
8144,2066898.376
1260,-393050.6515
3432,938433.2699
12949,1747054.916
18089,1230644.513
2745,-318229.3915
8513,-130987.9925
14247,919156.4354
19249,-815680.9223
8730,1020421.339
6624,2098544.927
3995,1359380.628
736,416330.4176
8076,170471.9306
21181,335427.6456
18124,-390742.6536
20835,425023.0384
9014,799070.5328
411,-193526.3332
16998,587935.0504
2493,855159.7396
174,2404496.239
12490,12378.93063
10151,1735299.029
13042,483518.7199
15530,1799027.216
1555,901849.1047
14507,2294178.583
14182,5045539.626
12090,-198978.3452
11439,927698.8718
8868,-472769.6306
20089,171656.292
5979,-883724.0859
18789,1364459.382
16182,866305.0899
4051,-944858.1597
6537,-266440.6293
14258,-136369.8641
4569,-28765.10876
12489,1045924.82
8383,-373001.4891
4289,-556220.1016
11064,1545725.57
14487,-533107.5917
13631,6482098.15
4704,-56154.2659
6601,870652.3427
14912,1588439.852
6001,287885.6839
13913,1539989.907
11825,-593925.7003
7038,806182.3035
10551,1534619.945
12075,2381473.567
5145,1326105.385
748,1522858.885
16742,2210166.594
13527,880954.7405
1565,643411.3315
780,2755513.551
11466,1582856.416
21009,543940.7997
7307,634316.8482
9178,593399.6213
13274,1081195.05
15653,1255523.315
17623,1440718.974
13004,1493473.496
9410,1459905.442
5803,567172.6372
19478,86721.63762
19189,976303.7282
6200,536049.1817
2035,746267.6189
21504,825518.1604
1466,1332311.193
4945,2525793.023
12227,97354.4383
18762,649540.3568
8431,1280584.557
7183,659462.8082
1720,26985235.2
12387,1087319.518
18405,5362383.493
2234,1926518.27
9562,968662.2678
6397,-500459.375
9044,1307833.531
5648,477417.0784
7430,-440891.2843
10475,283848.944
20682,1879291.193
4321,1529297.837
18440,320276.1183
18764,-307282.9798
13812,340802.3422
11537,201807.9833
4592,1798891.604
790,597507.6233
17944,339289.3717
187,-471396.882
16668,-885174.1176
3591,1584545.135
10929,885775.9394
16814,1217906.711
8995,-379250.2341
1669,384238.7939
9770,1831063.588
2606,314105.2947
16132,1298596.677
9480,-413817.1378
5693,40114.73612
10602,1488334.769
7377,-780570.6732
2779,739299.2077
9265,72683.30066
17483,233377.3992
7140,32288.8803
2445,3381630.998
19419,1025274.663
10379,904873.3447
7651,1787752.097
8461,-851990.9484
12698,965642.5459
16506,853602.2179
20319,1516960.434
1694,386164.3826
2937,2533566.988
17355,654515.4981
1955,960685.9513
427,664106.911
4761,2083741.911
8116,-89822.98364
18927,1777598.996
11627,405288.0513
17738,792485.2292
15689,2018922.055
21218,410625.7767
117,923127.8625
11952,299575.5821
16401,894016.2353
12850,-776236.7615
6575,-80257.22358
1747,928813.9235
15106,570381.7474
15331,-310726.9186
5143,976033.7488
7634,1356075.147
15418,-271844.1061
6718,-187005.1943
14568,1524944.209
7517,3385518.355
3225,33813.75675
2761,771609.1698
17350,9006478.506
13634,1534791.35
13637,610832.4574
12237,1910766.988
20312,384355.3709
8127,-562213.9035
142,1283805.589
11379,-789657.5109
17430,758444.2551
14834,372364.7263
21427,1981659.443
5660,970759.136
4660,-217007.7482
12980,955796.8897
2709,2001402.785
8253,335370.5343
7416,2664108.069
4529,-514570.1402
12499,1810122.353
6967,923920.9042
19837,105356.2521
13280,537446.6005
11539,-98792.82006
21474,1861352.368
2388,-739513.4412
4311,819485.553
18738,406765.5154
9138,655483.8437
5713,1155956.04
10272,649961.6558
11007,2325446.112
9732,-56503.47662
66,1282744.101
4310,190113.2465
16767,2343426.927
2756,695801.8786
4814,821693.1669
3270,547538.8503
15062,2726348.965
19408,2037045.999
14054,1166617.747
15943,997873.7364
9465,-308005.5431
2649,1167141.441
17164,-337890.1228
19309,775055.7314
769,1640564.086
5877,969310.6167
5963,2161046.313
1111,-407672.8506
14501,589923.7627
18585,-160315.8205
18925,1257918.254
13219,-652681.3146
6877,185516.9594
3719,1960137.207
14949,760340.321
13273,1167475.059
6207,-379122.0534
8039,2091941.154
13174,-340765.4829
868,349510.5103
9292,-103075.0793
14128,1005777.636
3603,235631.448
17994,1372106.286
9241,168080.18
5931,33140.36925
10738,3269768.671
15215,-975627.0624
9253,1218900.702
6665,1086601.26
20048,1531575.935
16150,1852345.271
6705,-438130.5302
10137,316307.2514
477,404425.3798
19271,2006062.894
11545,934983.1986
13089,1012316.727
17532,-70353.81507
4881,39703.64926
19192,908751.5506
15663,321310.5808
2672,1588900.05
19603,1390387.812
717,987636.1572
10527,8129592.943
5256,766323.4856
20467,1714543.972
6829,520028.1314
1626,-298781.7922
19266,-364798.8812
8479,1482676.99
16937,907367.3438
18587,-529377.1979
5067,950822.0347
8930,1611085.849
18364,1110113.176
17665,-510369.8528
2723,1010372.581
11235,1116367.288
20517,663096.4649
10130,564291.2456
8237,1222832.065
20100,210176.0361
12926,606273.8106
12248,-334951.0391
17340,802637.4453
8756,-368377.145
18988,74032.58936
6807,-673518.2287
19119,363109.1861
5016,349527.774
6667,52679.07908
13183,-50161.78402
13600,582743.3663
9865,157564.5452
9971,-478811.4214
13208,836757.2016
2933,-544092.0933
20488,1048265.256
4586,659325.867
19434,2125050.071
7085,1215045.3
6101,720628.2063
20529,324636.6337
21583,717855.5322
7082,1439997.052
8473,871025.8321
668,1431067.771
1387,877586.2718
15153,2008343.259
3437,1149630.718
9754,175550.1495
3528,-994821.1233
434,-172511.4162
11405,-708982.417
14639,3662894.755
21261,1145255.815
21119,1170593.654
17502,1399283.9
2716,1055900.238
19253,1303692.872
7774,-522830.5211
3319,691981.1757
6034,365721.5895
513,3453219.606
8852,1707583.813
15557,427108.2204
4158,-468848.7539
19663,464329.701
9093,480349.9672
3210,2864696.515
11734,-351313.0134
5092,655561.3854
5735,3229572.506
21488,1139756.092
4455,421875.758
9321,189518.7533
20297,2008028.556
14951,-174700.1693
5589,476990.9873
7376,-336751.7431
9708,-326814.16
3381,1677261.033
1255,-46752.58584
7280,1165197.636
9463,-22144.55194
645,737164.8025
13441,872005.204
7967,525740.5306
20761,1900370.076
2338,-196712.6156
20731,1836449.042
10252,-285848.7867
20546,494922.1367
12965,402370.6379
11499,1989418.176
8263,-842040.3063
11252,1636167.723
2148,98380.95679
6931,4009484.355
21591,2714902.97
19883,594497.6938
6988,481368.3497
6809,326197.8413
7008,-743366.0011
19977,578930.2881
897,1385533.653
12297,-1167703.994
6284,1208997.482
4510,688216.0884
11131,986332.4444
17637,1107419.334
5671,706960.2205
9230,1110806.584
7823,-309773.3953
4434,849107.5133
199,1519197.768
9748,-322101.3341
21541,2112666.021
1441,1794206.598
7692,-19056.55423
17716,570507.0391
15482,-51393.79762
20971,639037.0619
20615,859245.1017
5822,503024.0446
11580,-564954.4115
7711,2083143.427
13534,103585.005
17722,1523150.803
1595,1011476.791
20127,2080454.697
1899,-834910.2919
19742,715357.1013
5828,971637.603
19564,-74321.12208
3411,280278.7375
4043,1063811.634
18483,2653926.525
6063,-651056.2466
8049,863793.84
3222,684513.2237
14666,-510005.9792
4716,236904.6168
5608,1671073.881
5235,610272.1503
9541,1050964.036
6983,653043.9374
19503,847095.292
1877,1423070.411
6577,-236899.397
21464,78479.46198
20196,1690484.465
11038,1177214.562
20751,155596.8585
1736,706545.7254
540,176717.1694
15626,245199.6596
3961,591073.3023
7198,-46192.29771
15772,576489.7168
14782,117896.294
15691,1019857.555
16858,98365.5354
1057,771246.1749
18937,478010.996
5432,1740835.151
304,-140378.1429
18247,1047137.31
3878,-66193.19325
14237,1282314.241
5415,545091.6687
20454,907543.2244
8603,1739229.89
11392,486836.8969
15524,-305524.4175
20620,2163959.617
16012,1242167.515
4079,433411.0694
19637,328850.0457
3853,1353943.128
310,1678015.309
20900,261210.8647
9363,877280.6232
18046,844101.7425
4787,957515.2425
15150,1316105.371
21204,575333.8121
12942,30152.34152
19085,913565.494
17881,-363904.5344
7058,1966116.225
12125,4676612.464
4490,403042.8593
4140,1440113.215
12472,653231.1171
16852,1346929.34
7662,604399.7118
17579,-124893.0609
3326,1650815.693
21395,1813064.972
529,713594.3347
3189,-601341.692
12749,1298046.89
12918,-331510.2649
18561,291339.0411
5795,766644.3003
966,-47307.07523
16425,704721.4784
11666,1135678.079
7670,1507423.968
8445,1592303.175
21087,365972.1157
12459,1084049.131
10287,2363551.423
13488,407642.2472
20678,-698422.7963
16231,1104285.619
1147,529877.987
8456,829094.7453
15684,1455986.476
16809,1024873.302
5653,5701.491721
13106,114811.3492
21477,542660.3546
16190,1202485.713
3962,1133858.865
15407,1224714.866
2880,1196159.353
20169,2091684.93
20421,434135.6309
15517,770510.7582
15442,504733.731
14338,1050535.557
4010,1106275.414
9028,219422.4659
14037,-137635.1427
8922,290270.0316
8883,-90545.43798
465,530004.9915
15044,-200713.0017
7436,707849.7462
9047,-439840.6764
16172,1457219.702
10086,3629476.752
14742,415409.3373
8733,-255660.0303
12232,2007950.33
10384,1012409.433
13601,549333.2199
11520,234935.8931
12448,-617928.3828
18675,-165791.2777
12457,727852.2196
20921,5762148.438
4655,3884417.503
19950,202020.2368
19439,-210492.2489
7661,941722.301
5378,2272320.732
11146,1206939.52
17159,1239976.872
7338,1409775.684
4055,1396788.778
7308,-306971.929
17025,802219.6077
6075,-108627.493
5742,713511.3067
17491,-297479.7701
5026,2260438.467
15918,-37971.4053
13259,-5866.486655
6840,43667.48351
5533,660485.0881
7249,1219411.009
6404,937360.2322
781,398499.9922
437,2479413.96
17382,1359453.61
20479,584826.3281
3238,2261675.286
18048,-297172.4203
15451,1219610.256
7318,128184.6341
7952,2129904.952
8854,1107684.445
18216,315703.5438
9366,871682.4807
3311,369808.8605
2675,93477.59772
1404,1184207.256
282,-604482.3156
17138,1694855.291
19421,1391545.261
19102,2598937.307
13785,742215.3098
2397,177220.9252
4938,1024421.392
19197,2330355.391
14308,6801594.597
18411,71573.93084
11040,1401385.96
10670,-147957.5279
12028,323874.4389
5163,1843191.127
8310,908967.6418
8133,819879.7076
11004,405002.6283
18194,1699984.251
2286,-367318.2011
19486,518687.6037
15405,1887614.567
6978,564388.7047
9525,1723852.355
11445,782735.9834
12826,-42093.16743
8677,86583.20789
9496,1000733.965
13810,766053.3862
18035,1742828.102
12258,1042017.3
14281,1335517.944
18149,353097.388
15278,1749451.519
15596,1152072.478
13929,365186.2126
1976,121461.6222
12813,1208149.797
725,716520.3048
15071,1868214.74
21057,-337936.3174
889,818983.4511
12035,3267585.095
498,890587.6662
10048,-601729.2304
14446,168033.5673
21142,2509610.794
1713,1743571.698
17981,2420912.4
2382,-537804.5976
3868,901199.4881
3444,-368130.2844
15055,378891.3487
6428,1059116.55
1725,325362.9107
9131,1559531.452
11106,4742460.371
627,520405.8062
4293,135639.4391
18986,198662.9907
5205,-93507.71035
5151,1805386.246
12500,533244.6169
15822,1187026.888
11196,-353171.1965
783,616885.884
1245,1603199.546
18794,2565320.549
16478,765459.0226
12972,-34761.71599
18037,343951.5509
1951,305925.7266
10419,412164.9726
6269,-115814.8373
8109,817133.4978
16052,-114967.4381
19555,3193008.452
20967,2543936.732
176,289739.3444
17047,716536.0455
13254,575176.9706
16509,169678.421
15335,7761797.761
13266,681729.3296
2414,2684633.365
7316,-388896.0394
15872,-1155628.721
3692,-556114.2967
19465,412382.7375
8672,1636130.599
14598,-21827.18497
5323,577198.4255
6007,-289835.0541
15921,-476828.6698
17190,2112593.426
16091,7926.808322
11284,1401821.26
7065,2212378.756
924,951710.7424
14225,-229742.4932
10762,627772.1396
19789,-374398.0383
9718,157727.7379
21033,585709.2117
9388,926964.6054
1865,307207.0352
19545,1216900.95
12629,976753.474
14764,-695783.5933
18042,590369.6964
21448,461620.6951
1686,2203289.612
8054,1961630.228
804,2035807.393
10019,-300140.8345
3889,1506891.755
11246,-400056.7426
6044,317828.6609
7059,1374203.737
14749,1814656.761
12229,2738411.599
13869,-184136.1381
3811,916195.0087
15197,1861485.686
15915,72877.38309
9509,245396.28
12051,213004.2165
3629,938611.1848
21555,138051.7876
7743,-96942.78375
16823,577019.4277
8283,135383.3168
1530,1252035.87
19441,169402.7714
11137,1441725.206
4135,81565.31855
9749,324027.6458
6529,332465.9502
1642,1188793.088
20658,445078.1904
447,1514324.139
8965,406066.9349
20078,1450356.334
19677,298.3036044
3303,153118.4425
2711,1218836.968
1609,743827.9512
5056,1475520.985
10099,1759414.209
20040,1769442.031
7886,326001.9114
15562,898918.3742
6626,883365.2549
5096,-68802.60418
14592,-276704.9519
15262,648588.9213
2730,-439729.4106
9710,225231.1696
17840,161454.4802
7157,-721707.3307
12940,530565.8781
19414,-269359.0459
17193,235631.2839
3001,57361.60579
12456,1720179.504
1101,3073818.199
2481,1416664.287
19229,-172097.3186
11362,1086235.344
20087,712945.3343
9672,1647118.386
1301,681262.7165
20096,22896.29865
2635,2492059.53
9319,256194.2547
17655,956204.7569
8238,-197816.9122
2294,787103.6559
11262,816593.6726
7843,474337.3455
25,332360.875
18446,804405.7816
5603,-62881.37742
9037,175611.6008
7341,1475461.995
6073,1468961.272
20930,789716.9938
16843,247380.3059
19888,1585454.514
4813,176992.9143
12852,2138272.67
14641,-420525.1068
18646,-435077.8781
1876,1204641.515
7594,888631.2121
1364,2039576.145
17521,751168.7978
8233,240390.6003
13745,1205070.731
14649,-3047.090134
13501,1010385.922
8862,845370.1463
18956,1305360.768
1193,-67319.27886
11391,-496169.6666
10230,238956.1886
16703,1289659.554
18954,519017.1086
11926,1272678.903
20159,-167518.8783
9530,-189160.0033
8061,1636309.867
13516,-1173297.203
8634,-480370.2504
8303,233640.0174
12603,-254741.6003
19665,369528.0469
8748,614208.7163
15755,1914863.954
11917,-317814.6761
20943,332453.2321
14811,-305195.843
182,754851.4066
11646,1061208.881
4544,944091.4679
17995,916949.2435
6576,186685.7777
13918,794661.9686
3953,-159537.7819
20962,947481.9294
16772,1705792.198
5972,84291.75391
313,2028034.466
20521,2330416.098
9030,-13039.92865
1388,138955.1765
7832,328957.6105
10143,747240.1033
3050,-53284.95427
15641,254137.8981
16617,1938758.431
2431,846704.8265
5618,1461502.396
2326,196726.1486
7091,968621.9926
3516,-142645.0255
17845,1800950.943
9414,652644.0353
7353,686670.6004
12682,-774512.0969
15546,850199.003
5609,3753832.085
17278,-104407.3623
19525,-572802.3555
11630,619048.7902
11335,652810.2458
12357,667364.7745
5201,433579.435
18676,1523612.952
15143,139408.0477
14029,290915.2468
3892,3393021.651
5537,15611.24673
4599,1658527.273
13395,51915.11905
12375,884284.928
16962,1336884.028
14317,-538246.4472
3737,-227157.4441
9395,965167.8416
9684,257171.9313
10657,-360647.9218
16135,224293.7395
2137,1473835.025
19570,1141646.215
13048,1470701.817
2032,-1293925.312
10221,-427673.0974
3801,239129.199
10404,748649.7958
6881,1476327.366
19526,1193650.989
11282,3413125.221
14475,1942928.719
10982,2286377.989
1099,511655.9441
2335,13429.69242
16590,456782.7233
792,1362281.499
19830,819592.2461
18985,1678575.831
17844,-93665.76239
17364,-1099528.21
10001,1116516.957
21134,816326.7769
3391,761124.9759
13504,1293634.631
18618,622251.9717
18580,-921818.3301
10364,1354885.12
18346,-265179.8602
3314,503738.7737
13479,1307312.484
14297,455088.0667
1348,1471367.034
20885,-233444.833
2482,206130.5157
1706,-158477.7698
8823,-255410.9786
2726,-282600.1273
10171,302121.2049
21579,35161.65415
11154,766607.2917
21418,774808.7591
291,360223.1184
8679,1320944.303
19578,119561.8092
13965,253857.0892
4172,-425962.5584
3756,-524146.9902
4679,1075500.293
13406,1327970.437
5792,753484.5995
3043,3986217.884
8554,-328169.3055
2133,-580259.4683
15473,1611658.755
7411,558311.2883
9975,-347662.0496
16436,1043757.964
14466,270826.7952
1979,1677141.087
17112,293471.8037
784,735053.1073
20929,164751.3576
10133,2383098.959
7710,726710.7669
11702,-108915.7219
18076,1546390.211
7474,137807.7953
1672,359663.6523
11724,1491240.746
8329,1885369.259
17024,62391.51894
11035,534335.5731
21363,290452.9894
12339,-262980.4527
17756,388089.5526
4270,-387006.7467
16541,825579.1332
2408,2366555.038
532,-998494.0689
18520,2553824.533
7159,958779.7618
7285,946714.4097
5028,853996.1157
2053,269063.0685
499,225163.9207
4975,2803913.743
266,95130.9775
16624,368799.2585
12455,300947.8336
12001,1820467.268
12261,616634.9109
15093,-170933.901
1018,955809.9419
18476,262827.9816
15776,2336069.493
11550,-472497.8933
18515,-241212.7065
20869,976150.821
8971,1275711.598
21302,1155198.866
9282,820060.0277
17035,391892.6371
8811,378756.6201
14202,2012017.987
5820,1174053.84
18527,867629.1177
14515,-253740.8909
16396,774004.5204
10299,1075851.228
9110,-83526.44797
14344,38008.54089
11764,1654016.464
1339,1295083.552
9079,572669.4192
905,96070.25049
16611,-253325.4529
14658,947458.8723
12293,598137.6079
11110,-576965.8917
12251,918443.9137
13796,503921.1829
1638,574574.1113
12841,1193674.032
8050,1781768.886
17397,727005.0628
13661,675191.1113
14971,349428.5627
20818,473466.7745
263,1379348.613
20152,-267809.0666
4072,283036.8595
4464,779249.9531
10512,1701982.386
5074,8018872.57
18391,1295053.561
21531,2837826.406
19992,581806.3421
9692,801864.4781
3510,511296.4977
8557,1371544.486
4931,-161226.7155
11590,979813.1366
2240,-192302.6277
2088,885957.0758
21103,646190.7614
3859,9393.826814
5896,1167311.577
986,649681.2201
3575,-568057.8389
7128,2600273.414
1701,-413017.9114
18687,839528.8656
19743,-202416.5146
18087,1221255.417
3689,930852.2614
678,-236899.6814
9882,1562408.695
4631,2387265.833
252,927916.1034
17971,1039462.167
5430,712442.6423
21420,570743.5276
8148,383277.1565
1881,124148.969
17366,462510.6918
12226,1824135.958
14688,-463905.7018
891,1898593.321
13907,945051.0963
6496,1751422.672
10323,1048891.162
4588,4615889.605
9914,-244519.4219
18284,117180.906
9147,132981.1037
17046,140088.3218
16855,1000116.016
4734,2716421.639
16816,-586173.3723
4602,169539.321
2974,-270358.306
538,524603.7077
4457,479976.6701
3080,1367168.705
4295,1478982.213
18116,325797.0836
2014,412434.6269
21092,1019077.086
17181,3132358.935
3335,8337.375252
17402,2391314.405
7437,1900370.424
18579,-276407.3441
17328,769583.9349
17992,99477.08676
54,1035143.591
10690,-166346.5787
7402,435146.905
18804,1781744.116
2327,-639720.5187
10002,2342854.151
14765,1358389.429
21326,8271799.254
10095,409724.5131
7048,300515.8513
4926,-144974.6684
4769,541277.5224
10018,533978.5581
13752,500412.7936
21312,637553.0041
13234,1492781.906
9908,365461.1298
17443,1036055.147
18175,97232.17801
967,-765065.173
16484,1190963.701
9423,2619665.997
3441,-897.3359867
20898,2261838.184
19314,-34715.85286
6788,193671.3068
10654,-78603.24877
21416,14185.14043
18233,152235.012
16842,2066016.238
334,85239.42492
20771,1935483.584
9411,806472.3854
19244,893458.2283
15270,304115.1712
10623,1267016.684
5529,1865999.35
16101,2812127.088
19461,63830.7999
4327,-209756.6193
9045,1940316.231
9154,2117567.716
18178,559831.2633
14542,1470860.494
1590,551609.3149
3544,4843.509559
18885,3465743.654
10102,669495.4081
16082,1876863.802
20466,1117378.722
19840,1602607.515
2870,1556234.335
11017,2002488.354
11599,1854764.427
3798,873886.0111
11509,4880328.185
15287,1328715.322
12985,-1210635.788
2603,125275.1446
496,371813.3304
21389,165822.1367
16834,290105.3553
19389,374011.1694
7616,14406.17983
11073,-470208.3882
20320,-22118.24973
18362,-247357.9166
5747,-114974.8353
73,1762347.259
9550,-344791.7487
21449,1228896.539
18083,722750.3334
13714,476058.7478
14231,1485548.488
2209,1239075.81
19696,-586462.7571
9010,-94931.74175
168,981755.1635
7745,-511524.3039
11957,-1034830.534
7744,669896.5617
18884,936094.7915
3251,-141402.4689
14528,437734.9761
13378,1030486.121
15005,295995.9597
10806,611366.1143
863,858197.6127
15272,1830682.795
16630,1368740.274
328,845452.6991
18493,84968.3388
4195,852275.8339
9437,823347.3447
8240,545343.2035
11474,-20233.3525
19108,932847.0521
9702,-770980.22
17974,418100.8353
17686,183363.5539
12016,1021246.268
12442,-89248.88938
13744,1572616.87
2625,999866.7248
5949,-212793.7802
17059,927179.5931
183,1844413.11
13716,1283993.299
15192,1567435.172
17040,497106.4338
15454,416396.7839
11417,-678175.764
8196,6538569.585
3417,1295857.91
11204,1219661.413
15522,1294338.372
15667,875199.5869
10911,619490.7474
8816,-106037.2308
10804,42668.87106
10295,1300920.61
15383,1229472.118
14279,1386423.574
18965,1453935.19
20052,-492937.0284
6692,17250015.99
11030,812320.945
1146,194705.0645
449,1344101.251
18627,1844750.001
2103,-888076.1017
9851,230964.1717
11425,943489.2162
4998,-556401.9472
7226,-648105.0261
14609,78512.49139
15534,1808361.454
8678,608460.5572
10692,818124.183
19549,226741.4713
20332,339849.5621
8553,888168.1299
20347,918501.6125
19351,-525201.5215
20335,448036.5098
2465,-94940.4432
9830,3387333.261
2186,1936145.033
12752,225622.7916
15341,11284.09108
1007,735767.8227
7137,-623361.2463
3464,797808.7923
5218,-892242.8277
19978,3223300.719
143,13660.89467
4108,1785929.14
16981,667973.3245
8706,1409166.288
6739,2486484.367
7303,126026.7097
4727,2024619.398
2034,-356508.6808
1357,823449.7395
13733,555561.7574
3948,865310.4635
1027,-617473.119
12400,272819.3033
10902,774977.1942
15545,623846.5565
18371,-134528.2189
12181,-306592.0176
17947,-358774.8389
19647,938744.1529
3964,892454.6727
825,1167105.677
13137,847025.3914
17189,1306072.536
16058,1180862.45
6672,1561338.896
10485,1015136.228
18017,517914.4656
11393,1059736.848
3594,-291687.2195
17390,1498053.039
5139,802944.8122
1179,871727.6956
10408,1924734.745
8615,714322.039
20042,708639.1236
20780,291930.7022
20575,474107.7065
4857,-571888.462
11409,545548.4182
8058,-102088.5169
9866,1625408.814
6227,-273899.1633
5578,-163181.4385
15090,-208245.6924
19228,-4220.379877
685,395387.1486
21069,-160947.9492
3119,43519.30344
3762,2363609.478
7077,1137996.503
10239,1350403.694
10870,19246.63435
17691,2006640.802
17575,697799.609
20186,159267.5484
9234,1030578.126
9783,-100487.2633
3688,742576.31
19801,723290.4144
7511,1507662.339
3834,728797.5405
1033,1108265.312
14059,847245.1413
8714,90928.70955
20662,2205498.046
15463,-394725.0078
5808,-56795.85481
3271,-55232.69589
13241,137719.0657
15080,170966.7692
4528,-197206.4397
19251,-410796.4006
19204,679900.9629
19644,2240138.011
20228,237874.8615
8366,-378008.3358
14431,273762.938
2966,433011.7976
2271,171426.0443
2657,766514.6993
20659,1022855.053
19254,2729960.048
12395,-498343.7386
4113,841817.9998
18497,796467.1899
2216,1487226.536
20882,1051648.847
9778,2085964.731
12832,1155504.727
8974,446457.9447
9056,677010.694
19177,896348.6393
660,474049.4423
10155,167686.8664
6719,1135472.196
12652,1220860.353
12344,-427320.0405
13753,1044075.42
11176,-784405.6607
20598,646359.7709
8180,-265582.8102
8377,-362045.9768
6688,-97139.0944
5,606033.9025
6184,715138.8867
4181,-200521.0248
21040,981674.1732
21446,356449.6809
12480,2169853.893
12292,281229.9658
2455,217832.8752
10417,954393.1071
16081,-258101.6177
11032,-652430.7213
737,1043433.717
8783,1284633.9
14559,1086876.198
8454,96848.17777
17150,665679.4765
3712,922249.633
5506,429713.0279
11124,1533805.418
9665,2491759.358
15362,1314124.23
11826,-179341.0506
7770,18907217.44
10313,128996.5096
5776,1333365.369
118,-301442.5167
15944,198050.0333
12719,2582373.878
580,-652927.5046
4667,114410.5687
2502,744994.0966
2873,147910.9676
20776,1350586.181
4663,1162497.059
6662,-173864.8418
1427,224411.3554
4654,-247629.253
8794,287953.5546
2187,-128853.4596
635,-95043.9308
9114,1097504.408
4810,-238180.584
12093,595220.6625
5530,806996.5179
10457,4510697.882
60,433358.6149
556,1381538.626
2452,-228088.0668
1651,63855.15665
2353,-112159.3158
14198,-348876.7733
2571,104677.2675
2874,1016671.109
17796,508735.0875
8302,-38860.38267
8737,1501660.402
5044,1342892.68
3514,189795.5644
8451,2120923.505
9298,1483360.171
20253,1661746.348
21476,79376.85813
4129,-375686.1391
17412,1099819.145
9418,749115.466
888,372088.0704
10912,-106553.6566
9301,1100166.118
15204,-379919.0108
15265,1375526.85
3885,1704743.883
8136,-471182.9988
11346,1134142.844
3368,455549.9986
911,-535884.4982
9844,989186.8382
10359,188906.9067
219,1691226.819
9556,361952.5179
2277,-57011.68918
21227,-15812.16533
14754,48357.20019
4027,103892.0576
11140,219945.4045
5277,-225942.837
21213,688189.2144
19397,628418.8629
20274,40942.32097
5192,199282.6354
20619,337892.979
17688,884852.5989
1610,-685649.4754
3777,1473309.065
9744,461962.7822
20954,319391.6493
4316,1383114.466
16888,532426.3173
13824,1636847.281
10672,1661159.573
2763,918021.5323
6647,263245.2113
9626,-4942.897833
2005,1764729.597
20437,1001985.679
19340,1454970.173
12990,-255427.3258
13457,1482536.571
20952,489589.7993
17361,1283516.779
10276,1774167.508
7565,1252538.344
5335,975106.0205
10250,1177957.283
9948,1679713.224
15254,1358723.772
14607,1265008.879
8211,-474999.6195
1742,533643.9141
8357,1502633.743
3342,751575.8322
20851,417030.7844
2107,-165641.2182
14935,-403829.412
4505,994069.6178
13530,1867237.715
3140,226127.0256
15474,1193038.581
9576,1249895.785
1634,-269611.1706
3680,1099422.623
9589,672252.2003
2458,790305.0865
5040,-456707.3322
7793,138269.1357
4243,977823.6431
3156,1270546.731
21546,455068.6461
2721,1042413.995
847,602670.8738
5220,-755726.8396
17522,1396397.205
21062,1086772.813
1108,887211.5442
4524,590026.3954
8721,154354.1741
11654,1477235.547
15937,214128.4871
12776,-826247.1324
16216,568113.3378
14519,207758.4439
113,-164482.9616
9351,-521115.3926
7119,454002.5983
8371,381892.208
5784,223938.8108
10511,-120454.1644
851,583335.2034
2856,639014.4102
16535,1345529.811
2079,-162853.3317
4826,650106.4582
14898,-74980.04573
16955,1162169.23
18698,705950.7667
7858,592312.6041
12557,435621.4633
17266,3842889.491
12760,501268.17
10760,481589.2926
15084,-383852.9123
20800,1097876.321
13497,2709019.685
3750,632996.4413
1010,452801.0116
14681,527843.2391
2576,1039223.479
10445,3166749.919
10923,-512609.7602
6040,482984.1303
17603,-635267.0716
14833,829988.6112
12529,-171897.74
17600,-408877.529
3774,2063229.311
9671,433336.0889
8569,1546138.135
10026,-230117.4685
16901,-246267.7149
6172,-224675.7895
19502,107903.4783
15519,89940.5528
15471,222584.2041
21292,707451.2531
21560,340699.8441
14079,1775833.009
1504,1422097.901
5996,1725543.105
2961,5625943.215
8576,1593451.318
12954,1102054.668
20056,-24453.75647
20074,878671.663
6501,1119890.508
15158,-314865.8482
7956,-550535.9515
8404,-400819.6616
8996,231749.916
20530,693723.2028
13800,1106051.523
5691,964406.1404
7041,-194903.0337
20406,1043029.6
14428,332039.117
17313,3471163.349
608,277464.1902
15211,-302439.0546
15162,1662232.052
18218,602935.6236
2129,-662875.3616
17058,1005155.35
9638,683577.3501
19431,749348.2665
19689,240641.3549
5928,2005430.166
3558,247714.85
7145,292043.0003
3852,-185132.663
6620,1287976.58
12695,374277.3935
15369,599617.7164
11976,2507595.179
14689,7564158.161
2776,-929433.1591
19610,555532.3511
18855,559860.801
1403,-17074.6811
12672,594955.0941
7977,1448510.515
16228,863482.6059
11900,-327824.6682
13707,26188.76927
17077,982350.6767
16400,-895246.5071
9432,791693.8647
12524,278462.4753
3769,-365758.2115
16365,789469.8163
16543,661721.5814
20801,962725.9172
16976,551221.7632
2972,687215.7167
1207,425279.7116
18802,-570635.8588
11136,1299431.078
8038,439982.9107
9822,-654207.7488
8129,739974.1658
4899,-411442.6379
11665,-707048.5989
4345,2392813.817
1445,2497892.026
10583,843992.0024
17571,1711731.474
6389,502597.189
12504,543396.3857
14562,-130200.9599
20654,256819.4225
13107,1292492.043
296,1743097.015
14929,219507.6765
3454,501724.5329
21388,52323.45892
14382,-363087.7396
21542,214319.2488
19586,451468.2084
10927,738401.7373
5716,1015455.113
6619,-57638.47573
17592,586172.46
8915,630599.7069
14576,-360640.7248
8614,1890327.91
4446,232353.8827
993,1564482.212
361,1101237.41
15350,2201431.187
6091,4015502.418
10689,903695.7368
3739,1041376.671
1021,2293184.267
3630,-281793.0941
6849,877820.8321
14771,-706005.2838
6157,539344.3749
17520,751970.5871
14077,222458.9747
5242,107272.2039
13190,2173130.266
9450,1934334.058
20722,796213.8908
3009,781561.1629
19797,508813.8387
20947,-490939.7685
13868,1295178.552
194,1599161.16
8642,1118143.229
15904,291802.7637
8943,345251.1732
13096,910849.3449
6144,-688270.6943
20848,857126.4649
5380,1125106.639
6223,639457.9791
14094,939758.5597
19216,3550299.788
7986,1179922.034
14230,431031.3781
13503,842877.8032
13839,-331990.8625
10085,1431002.132
11265,841363.8811
7100,-247335.0194
1887,1620094.54
4616,242322.3063
12762,1235315.805
19538,2024615.918
16803,1038777.137
20988,718104.7165
4460,-213460.3278
16769,872246.2282
18066,3798.003492
5579,1464764.564
7831,2169908.604
1659,-161298.6588
16050,1157993.923
3698,976829.7233
10751,1208725.521
5120,-126776.68
15931,1064306.405
6691,1338582.686
10194,-221443.7925
81,27974.11883
20763,2012706.182
12460,1372941.423
1519,667860.5504
8508,1143192.532
14599,1397274.046
13484,313756.0784
12611,-665107.2049
9784,1013515.917
6333,-11026.56335
8256,930816.0172
8017,382152.8655
19344,1584244.843
14802,627696.736
3766,1282730.147
9377,393265.2335
8600,1624665.038
1047,1709683.371
12519,-43567.24794
15936,877593.936
8131,1286833.39
15160,460056.1133
519,2588142.062
16533,435268.9394
19113,1826113.07
18091,971542.3875
10991,847941.5264
18425,-353528.6837
16943,-195535.3666
5449,634425.258
12044,1037885.245
1903,1752271.265
18030,1566364.947
17252,791016.7696
10978,1850348.28
11815,-212036.1888
13204,2306137.317
5420,1160091.103
10962,64122.61176
18173,-391476.0908
3410,-69668.25925
16489,1893975.798
16638,-1069076.545
12747,1093271.596
14551,1769746.611
70,1627103.258
7558,434245.7688
13517,89115.27782
10571,857952.0118
10158,1972004.031
17925,145244.6323
15777,101699.3842
16034,1111036.75
12404,-510283.7763
15107,428694.3272
8199,1022966.117
1559,2503569.11
10225,396652.6305
11701,679721.2134
19242,2343079.543
5403,86153.76889
20117,236956.4264
7393,1128162.042
15996,665212.5166
1345,1780341.623
4375,-853195.1999
5249,1171103.827
20203,1068989.262
2849,183941.5285
19265,350763.0189
1843,1585036.756
9306,2838259.871
20231,591855.7494
18435,942857.6476
4242,1336430.623
20579,3572249.135
12431,341858.3266
15829,2792157.434
4816,762875.9007
2833,138319.7426
1570,1702420.033
5037,-364624.5268
4638,742751.6092
4353,-132056.0733
19682,2226356.519
16235,389684.3411
15592,1031127.685
11839,1601205.861
177,678581.9746
10459,3618470.837
15706,-335515.7831
3862,1658786.226
6986,-626062.4543
12767,623634.6882
274,-249931.7791
4478,3140527.264
3809,-276706.7896
11052,-205812.4081
6090,186098.2216
11285,2536394.754
4402,1698156.716
5539,599757.0818
14624,647120.2444
11184,658255.9256
12419,-619900.2008
6643,1284758.327
13156,3332445.441
8147,1784115.373
5066,1287700.565
779,142509.2161
13419,4225871.235
7704,885034.694
12636,230708.8269
16125,1882362.887
5862,809713.7563
16053,134643.8431
7895,-767625.032
7130,838619.7042
19899,553801.6137
16925,-262804.6162
6470,-588145.8953
13272,2005709.474
16716,-143370.0615
12126,400725.1024
631,-993536.4094
14508,-289025.1013
6279,-287181.8175
2904,927111.1928
5767,346683.7961
15738,405330.2002
17888,-615073.5803
695,1803402.712
4005,-108065.5563
7531,39601.56342
15863,920674.7482
4566,587593.7803
4503,348793.6004
7154,1084065.949
4738,109045.0319
7609,2161745.144
18244,346810.8799
9853,1529661.889
19640,1591262.772
4456,726840.0618
11505,1152991.098
949,435818.0942
12573,594449.8436
15312,599365.6307
8738,-588168.9031
9648,1443768.375
5959,1965438.605
7418,1297911.197
5079,-475604.92
2020,150821.4424
17144,1747699.017
1095,1252677.159
12378,-308080.423
2460,2390376.858
16837,350318.7187
2057,-292704.0355
11584,-171455.0384
968,1253850.433
9813,2215019.554
861,-697693.2245
5535,812558.0139
5410,810953.1112
12934,1694469.867
16636,1029878.399
11072,464747.8932
17389,70020.50387
11819,383845.9
303,1194379.71
18487,-360674.6706
14252,-899966.5373
20793,477476.8472
4819,682623.7651
1221,799690.7862
13523,573304.6791
17792,648353.6063
2760,-600561.5089
20581,534066.9724
3923,775115.9993
20635,191988.4001
19218,177058.6629
11050,1831445.948
14505,372044.6274
16133,787290.3069
12837,446973.392
17160,875307.3139
14675,2886461.5
10916,-62541.33667
4397,1453398.671
6810,-293141.2125
9341,572014.1621
6332,386097.9425
4020,588806.8795
5248,2218456.17
4809,1455651.984
16972,-972526.4062
4159,1618207.186
9153,713032.9289
2284,445357.7054
11387,393207.2729
3158,1549371.101
247,1829250.801
14220,-256549.9731
7203,2062115.688
20569,560670.9004
89,324433.6929
13060,-147213.3314
19135,235236.34
20296,2823239.398
8519,824825.7451
17406,1015292.637
12927,1232062.23
11709,2701880.664
20719,474659.1028
17578,447428.2904
16283,2097873.287
19828,775657.2112
9666,-372604.5134
5600,113193.4162
19013,234142.4986
321,1769969.746
8514,-96939.38098
8355,479702.937
18814,1345229.375
7513,2414603
12024,797778.6078
9094,235158.3065
17220,-98917.79137
3041,1255627.843
16853,1035987.052
18689,1249459.749
669,-86580.86971
17448,955165.9985
6125,-78081.91276
13178,604734.523
48,1297214.414
10995,666569.092
6852,1581858.224
15105,-9733.990649
14627,-100972.362
1816,110918.8518
16735,368210.4117
561,2337938.394
6835,737315.283
3579,1172211.132
3887,3420007.331
10061,1840806.168
8988,1515184.355
9905,74689.93414
647,-14158.98704
14287,1967896.707
19101,-216381.9436
10585,1196411.324
11399,1951759.853
15353,1678072.232
17128,283354.1896
13594,1866564.326
17626,553988.3069
13586,1108417.288
10402,1238334.463
21581,988459.3124
17935,-365110.5787
10474,-393261.2082
18058,1094977.427
9198,968480.9703
9854,567935.5776
7667,-436629.4296
1002,-211241.7353
13909,-520576.6902
8917,249144.0571
17010,-402672.2879
20950,1319692.976
2774,1382285.317
12855,1388970.267
16137,1457285.866
9162,1877440.446
1233,192646.8256
8006,1647997.34
19625,1752027.673
4980,353236.441
8650,213829.107
4811,-307897.1346
3930,1245958.226
11609,2113500.433
12544,114352.3455
1077,791039.6013
6621,938948.0416
1317,1525653.14
19762,760754.6045
18610,1406411.926
7792,-274732.7233
13607,672283.4992
3617,321494.9772
11257,-869653.5693
6811,-663693.1484
19117,65923.24113
9608,1170622.842
10606,223760.4846
4469,2586129.789
16405,443387.1847
7504,370299.8814
2260,1159037.496
9436,-378740.8183
20352,326144.6953
12943,54676.9132
2563,764616.3285
6305,442561.6092
10043,-235236.9657
17304,-310006.1125
5997,360567.4638
12839,892883.3459
20229,812875.3692
12602,-61705.78594
346,-511637.0544
11266,-22073.36135
8889,883370.1085
9855,-79765.93394
7507,2126293.16
20070,2119499.059
20138,708587.2751
6067,909501.492
6156,-72808.60993
1045,978256.8904
14040,1745351.239
14229,864.5906169
17465,1071191.411
9722,739646.0316
8409,2083347.253
8381,-140314.6273
20187,871194.2327
7915,1513519.602
16147,1014324.377
5982,1307808.077
1766,498000.0056
999,-846196.8463
12425,595440.566
4197,1152853.236
4473,1475121.873
8351,-307665.3249
16257,637787.6592
8457,65216.10242
2548,1354377.66
20103,892446.0536
20126,2168308.25
8307,1389226.031
13396,-344444.9902
8621,860135.0607
8918,1520373
10558,1404361.193
12371,4223933.229
9086,316577.7228
6201,278687.0762
13926,88529.51959
2339,301292.669
9880,1404899.019
10264,2616593.443
1754,278106.2796
13900,360107.3351
7856,-417380.6668
18041,176032.8286
2692,1134719.691
13747,1674171.249
15324,652916.7688
9330,1677544.68
16361,1984918.419
20324,837009.9099
5214,34087.21866
7790,-169155.2133
7672,908646.0909
4279,-249963.4554
2162,-33819.21987
6199,-829843.7828
21179,1717831.924
6477,966214.6028
4204,843831.5406
4265,-487213.1054
7054,1724485.329
4160,-550338.3316
21457,390134.8456
10595,234770.8418
1024,916616.0452
20024,-492167.1913
10212,-90996.94997
15630,172366.0458
11369,-258086.164
15194,284310.2297
6321,583242.0114
10717,-74883.88554
1423,1359711.468
12538,-843405.4028
3168,-156527.2867
7233,-30249.64871
17476,1214103.099
1557,-318600.837
21188,41373.33407
16988,1571440.144
5360,-419378.4079
844,12088.56918
6023,1511330.344
9476,-223373.3709
10652,203270.7822
1354,1232989.674
1661,1432569.701
19807,1151535.724
6653,159137.0838
4471,1065876.201
15876,295226.9041
10362,575598.4099
9565,-968924.1236
5852,6073501.794
1679,-130049.1697
2180,1174357.288
8960,1502192.497
1083,34354.44006
6233,652816.0003
20397,1738621.598
1061,-306546.4132
19140,562598.1546
5227,-425944.3382
9119,-428032.5129
16027,1003027.589
16689,-92958.8224
8588,-62513.44647
12834,2124173.735
14545,69964.36429
10783,2010417.361
423,692831.6737
20155,2541146.95
18769,2616620.283
20664,-51746.12616
12581,194759.4209
13349,1315832.086
12877,599892.2306
16553,1001891.376
4668,65967.91837
9266,1124787.352
6290,686075.5179
19063,459326.9135
17395,-954029.4206
11965,393410.0719
789,-187133.6913
18541,1390286.7
18569,2050200.943
10730,826251.7311
18992,1735119.599
16598,895521.9063
21175,1848916.004
2703,1315162.254
18966,224231.8305
9364,1257463.809
12201,385764.0319
4255,-841652.4045
14136,-374244.3043
17076,1187559.119
5566,1560207.833
3054,1001804.593
13526,90046.3183
12617,192308.4703
16773,262318.8891
13086,462631.1089
3450,-11297.92498
12751,181610.5226
13746,276150.8283
1191,166721.7353
5856,1271258.336
13011,220857.8071
21191,616087.4707
9208,648769.2186
1159,114446.1845
11983,-57813.85383
6377,1844789.295
21359,742944.7383
14919,1878959.012
11256,-764437.2543
16560,513519.2225
11808,446526.8946
7400,222662.9708
4233,447999.1061
8962,334284.812
16790,-284596.1231
18370,1409602.157
2684,1289860.128
15337,275589.6526
19482,478310.4126
21573,68712.3904
18320,1257863.788
10420,1212470.709
4230,365919.8039
16564,536062.9984
13057,268513.3883
10132,-380187.9177
17490,-31305.84024
3873,-125191.9144
18465,-467230.4005
19037,730561.6628
16393,1453733.543
1980,-663527.5398
3820,66241.41432
20032,516374.0642
11888,-445896.9678
12391,1541272.948
1776,255898.1735
8890,434767.9252
7247,-399311.2953
703,450487.6294
19166,818282.3839
6747,-595350.0397
1945,2413303.889
5551,-1043051.124
10406,2051042.389
3282,2216427.274
11777,-102404.6192
7434,1897849.328
18732,1846629.977
17749,843618.0231
21467,844493.4669
4541,15257378.43
10147,960164.874
2673,1099469.635
13605,1253371.279
16986,1346567.207
20500,6220865.247
8905,1713186.249
17903,2027424.719
5199,652797.0755
16386,501919.5461
12516,1150710.6
4848,676369.1832
14455,-905616.5919
21100,1169512.468
20810,1866137.736
16570,844245.904
20482,359945.316
17388,361410.628
21417,560669.0132
14255,2273022.985
20498,745632.2711
15520,-557424.541
11041,1304657.078
2285,396495.6762
4320,1388640.443
14646,156697.5906
1708,911218.0005
20966,311867.6574
11591,-118090.6398
16001,657505.5127
17988,1219534.069
7299,2272310.102
14064,1287158.43
2214,1092123.255
9915,3327469.677
152,144410.9379
17484,233377.3992
15835,895591.1522
6158,918318.7293
11726,962707.4095
19632,275974.3236
9163,1185175.596
15277,1178088.18
11934,640329.9136
5830,2009670.466
4630,552425.3245
21552,2430975.383
20157,651083.1655
835,-627382.7201
8582,1775806.086
8568,-189986.8303
11462,-33382.82091
19282,1314164.275
21106,2067581.821
2066,-772494.7476
2064,147506.1079
4795,-455061.1071
1093,1330355.386
7221,-92577.7629
4126,393056.8871
19124,1530868.003
19382,2017598.84
9062,1070756.111
4670,704633.4773
1849,3102671.858
3855,1878602.627
511,1572357.239
20974,2681999.209
4609,1991394.947
1327,999296.6835
15338,-579940.2146
5296,1473585.077
19852,677770.5632
12575,-924207.3513
17226,1325889.977
16940,681960.001
11396,-123770.8909
5641,541160.4885
8262,985412.1791
644,495915.6201
13763,3582919.069
11317,635681.6285
18591,-406082.3618
20351,1251575.437
7481,-314270.0254
1292,-254021.1344
19994,64720.3826
9134,1887836.749
9400,3716024.055
18472,1206855.012
3309,-57111.95728
20981,701539.3674
7542,1831039.462
277,880319.8024
4458,1315278.973
1985,953852.2853
15133,1640780.092
6542,1695861.49
7645,1720786.031
5347,1107128.128
3897,1354609.122
802,1665426.471
11071,1201000.926
1833,377446.2598
8324,121021.3984
10337,1116217.184
12507,1526046.742
11513,-317929.5278
20808,262935.6307
15504,279704.3771
18294,2340198.542
9986,453075.3583
18152,200282.3819
7107,269873.2556
16031,697546.2746
2242,541622.4966
2782,1383329.882
18869,1367986.367
2762,1962301.665
16920,4020492.82
13888,161265.915
13554,9444.943394
18842,-605629.8589
5324,-148485.0021
13187,52339.09918
6657,944700.8811
6250,431717.2736
13730,137757.3901
20132,1651440.321
20030,243627.5896
111,719223.0815
16256,-563495.0104
5617,270237.7047
15905,1478616.332
9964,-62053.18893
17519,-595121.9659
15343,-585473.5072
5929,502915.0465
1655,485373.9423
15376,1214208.417
10281,750045.6175
6743,742380.9532
17323,1469308.175
19477,-211636.0873
18257,1077077.528
7314,2091975.726
3337,976059.9506
21396,610260.2891
1499,1615269.172
12168,-118655.2304
12486,126310.0467
16587,-67798.68341
9843,-306758.7306
5080,1165229.032
9898,136976.1842
17678,5019839.038
4922,1022800.033
9926,1302075.09
10376,-607817.4047
3968,851900.2199
507,386855.1767
10677,-315208.6699
